order_id,customer_id,product_id,category,quantity,price,discount,order_date,region,payment_method
1,1102,464,Electronics,3,466.22,0.07,2023-01-01 00:00:00,West,Cash on Delivery
2,1435,104,Sports,4,201.52,0.11,2023-01-01 01:00:00,South,Credit Card
3,1860,218,Home,3,48.11,0.11,2023-01-01 02:00:00,South,Credit Card
4,1270,388,Sports,3,310.45,0.02,2023-01-01 03:00:00,South,Debit Card
5,1106,473,Electronics,3,61.35,0.11,2023-01-01 04:00:00,East,Credit Card
6,1071,164,Sports,3,175.89,0.14,2023-01-01 05:00:00,South,Credit Card
7,1700,245,Clothing,4,256.17,0.22,2023-01-01 06:00:00,West,PayPal
8,1020,323,Beauty,3,437.74,0.2,2023-01-01 07:00:00,West,Credit Card
9,1614,338,Home,3,249.31,0.21,2023-01-01 08:00:00,South,PayPal
10,1121,276,Books,2,352.62,0.0,2023-01-01 09:00:00,West,Credit Card
11,1466,366,Beauty,1,496.44,0.07,2023-01-01 10:00:00,South,Credit Card
12,1214,440,Sports,1,70.09,0.2,2023-01-01 11:00:00,South,Cash on Delivery
13,1330,381,Home,2,140.99,0.15,2023-01-01 12:00:00,North,Cash on Delivery
14,1458,162,Sports,2,200.32,0.0,2023-01-01 13:00:00,East,PayPal
15,1087,316,Clothing,4,213.8,0.24,2023-01-01 14:00:00,East,Credit Card
16,1372,441,Electronics,4,208.46,0.23,2023-01-01 15:00:00,North,Debit Card
17,1099,414,Home,4,454.27,0.16,2023-01-01 16:00:00,North,Cash on Delivery
18,1871,382,Clothing,2,358.45,0.02,2023-01-01 17:00:00,East,Debit Card
19,1663,276,Clothing,2,305.91,0.23,2023-01-01 18:00:00,South,Cash on Delivery
20,1130,197,Home,3,158.14,0.18,2023-01-01 19:00:00,South,Cash on Delivery
21,1661,204,Sports,4,412.78,0.23,2023-01-01 20:00:00,East,Credit Card
22,1308,198,Books,4,477.75,0.23,2023-01-01 21:00:00,South,Cash on Delivery
23,1769,484,Clothing,4,411.49,0.24,2023-01-01 22:00:00,North,Debit Card
24,1343,410,Beauty,1,5.77,0.16,2023-01-01 23:00:00,South,Cash on Delivery
25,1491,105,Clothing,3,320.02,0.04,2023-01-02 00:00:00,South,PayPal
26,1413,296,Books,4,30.31,0.2,2023-01-02 01:00:00,West,Credit Card
27,1805,450,Sports,4,132.52,0.19,2023-01-02 02:00:00,West,Credit Card
28,1385,232,Sports,4,34.46,0.22,2023-01-02 03:00:00,West,PayPal
29,1191,457,Beauty,1,303.88,0.05,2023-01-02 04:00:00,South,PayPal
30,1955,358,Clothing,1,344.86,0.06,2023-01-02 05:00:00,East,PayPal
31,1276,122,Sports,2,61.67,0.27,2023-01-02 06:00:00,North,Cash on Delivery
32,1160,152,Books,3,195.0,0.22,2023-01-02 07:00:00,South,Credit Card
33,1459,264,Home,2,230.84,0.27,2023-01-02 08:00:00,East,PayPal
34,1313,301,Electronics,3,187.68,0.23,2023-01-02 09:00:00,South,Cash on Delivery
35,1021,182,Electronics,1,64.91,0.18,2023-01-02 10:00:00,North,PayPal
36,1252,244,Electronics,4,212.38,0.2,2023-01-02 11:00:00,South,Debit Card
37,1747,184,Clothing,2,376.83,0.27,2023-01-02 12:00:00,North,Debit Card
38,1856,177,Beauty,4,40.15,0.17,2023-01-02 13:00:00,South,Credit Card
39,1560,465,Sports,2,44.69,0.19,2023-01-02 14:00:00,North,Cash on Delivery
40,1474,100,Home,1,180.61,0.05,2023-01-02 15:00:00,South,Debit Card
41,1058,150,Books,1,471.15,0.14,2023-01-02 16:00:00,North,Debit Card
42,1510,272,Home,1,335.94,0.21,2023-01-02 17:00:00,West,Cash on Delivery
43,1681,304,Books,2,340.94,0.08,2023-01-02 18:00:00,South,PayPal
44,1475,359,Clothing,3,184.15,0.06,2023-01-02 19:00:00,South,Cash on Delivery
45,1699,468,Electronics,2,298.86,0.09,2023-01-02 20:00:00,East,PayPal
46,1975,387,Clothing,3,10.01,0.07,2023-01-02 21:00:00,East,Debit Card
47,1782,133,Beauty,2,319.87,0.06,2023-01-02 22:00:00,North,Debit Card
48,1189,447,Beauty,2,457.08,0.13,2023-01-02 23:00:00,South,Debit Card
49,1957,194,Books,1,308.22,0.27,2023-01-03 00:00:00,North,Credit Card
50,1686,171,Sports,4,437.48,0.15,2023-01-03 01:00:00,West,Credit Card
51,1957,138,Sports,4,363.37,0.06,2023-01-03 02:00:00,East,Credit Card
52,1562,253,Books,3,64.68,0.02,2023-01-03 03:00:00,North,Cash on Delivery
53,1875,349,Beauty,4,451.71,0.21,2023-01-03 04:00:00,North,Debit Card
54,1566,261,Beauty,2,37.89,0.11,2023-01-03 05:00:00,East,Debit Card
55,1243,217,Beauty,2,269.31,0.25,2023-01-03 06:00:00,South,Cash on Delivery
56,1831,358,Clothing,1,75.36,0.2,2023-01-03 07:00:00,North,Credit Card
57,1504,478,Beauty,1,10.79,0.24,2023-01-03 08:00:00,East,Cash on Delivery
58,1130,405,Home,4,213.91,0.08,2023-01-03 09:00:00,South,Credit Card
59,1484,367,Electronics,3,151.05,0.21,2023-01-03 10:00:00,West,Debit Card
60,1818,153,Beauty,4,245.57,0.08,2023-01-03 11:00:00,East,PayPal
61,1646,335,Books,4,290.71,0.28,2023-01-03 12:00:00,North,Credit Card
62,1020,488,Electronics,4,26.65,0.19,2023-01-03 13:00:00,West,Debit Card
63,1840,321,Clothing,4,65.89,0.1,2023-01-03 14:00:00,South,Debit Card
64,1166,350,Books,2,281.53,0.08,2023-01-03 15:00:00,South,PayPal
65,1273,412,Electronics,3,174.87,0.06,2023-01-03 16:00:00,East,Debit Card
66,1387,211,Books,2,365.94,0.21,2023-01-03 17:00:00,East,Debit Card
67,1600,354,Clothing,3,327.88,0.07,2023-01-03 18:00:00,East,Credit Card
68,1315,402,Home,1,423.57,0.18,2023-01-03 19:00:00,South,Credit Card
69,1013,306,Clothing,4,347.78,0.08,2023-01-03 20:00:00,West,PayPal
70,1241,328,Clothing,2,217.82,0.2,2023-01-03 21:00:00,South,PayPal
71,1776,440,Books,3,338.12,0.24,2023-01-03 22:00:00,North,Debit Card
72,1345,497,Sports,1,141.31,0.23,2023-01-03 23:00:00,South,Credit Card
73,1564,165,Beauty,1,156.63,0.23,2023-01-04 00:00:00,North,PayPal
74,1897,174,Beauty,4,395.55,0.06,2023-01-04 01:00:00,West,PayPal
75,1339,202,Home,3,225.98,0.03,2023-01-04 02:00:00,East,Cash on Delivery
76,1091,291,Home,2,400.2,0.21,2023-01-04 03:00:00,East,PayPal
77,1366,351,Beauty,4,412.1,0.11,2023-01-04 04:00:00,South,Debit Card
78,1955,325,Sports,2,429.49,0.13,2023-01-04 05:00:00,East,Credit Card
79,1454,393,Beauty,1,458.73,0.01,2023-01-04 06:00:00,West,PayPal
80,1427,405,Sports,2,218.34,0.08,2023-01-04 07:00:00,East,Cash on Delivery
81,1508,197,Home,2,162.84,0.01,2023-01-04 08:00:00,South,Credit Card
82,1775,437,Electronics,4,293.19,0.26,2023-01-04 09:00:00,West,PayPal
83,1942,385,Books,2,188.73,0.07,2023-01-04 10:00:00,North,Cash on Delivery
84,1034,434,Home,4,302.53,0.17,2023-01-04 11:00:00,South,PayPal
85,1205,446,Home,1,354.27,0.01,2023-01-04 12:00:00,North,Credit Card
86,1080,407,Clothing,4,345.76,0.2,2023-01-04 13:00:00,West,Credit Card
87,1931,348,Clothing,4,190.4,0.1,2023-01-04 14:00:00,South,Credit Card
88,1561,265,Clothing,3,87.6,0.27,2023-01-04 15:00:00,South,Debit Card
89,1871,434,Books,2,218.11,0.27,2023-01-04 16:00:00,West,PayPal
90,1387,129,Clothing,1,75.58,0.1,2023-01-04 17:00:00,East,Debit Card
91,1001,346,Sports,4,445.6,0.27,2023-01-04 18:00:00,South,Credit Card
92,1389,205,Beauty,1,176.21,0.3,2023-01-04 19:00:00,South,Cash on Delivery
93,1565,150,Electronics,3,81.46,0.25,2023-01-04 20:00:00,North,PayPal
94,1105,180,Home,2,17.6,0.25,2023-01-04 21:00:00,East,Debit Card
95,1771,232,Sports,4,324.68,0.07,2023-01-04 22:00:00,North,PayPal
96,1821,384,Electronics,2,320.27,0.17,2023-01-04 23:00:00,North,Cash on Delivery
97,1476,487,Sports,3,173.6,0.02,2023-01-05 00:00:00,East,Debit Card
98,1702,237,Sports,3,40.5,0.03,2023-01-05 01:00:00,East,Credit Card
99,1401,283,Home,1,207.77,0.3,2023-01-05 02:00:00,West,Debit Card
100,1729,429,Beauty,4,159.05,0.1,2023-01-05 03:00:00,East,PayPal
101,1555,372,Clothing,1,340.17,0.22,2023-01-05 04:00:00,South,PayPal
102,1161,439,Books,3,304.86,0.24,2023-01-05 05:00:00,East,PayPal
103,1201,168,Beauty,2,185.47,0.26,2023-01-05 06:00:00,West,PayPal
104,1957,133,Books,1,112.86,0.3,2023-01-05 07:00:00,West,Credit Card
105,1995,361,Home,1,494.08,0.07,2023-01-05 08:00:00,West,Debit Card
106,1269,152,Home,2,229.73,0.01,2023-01-05 09:00:00,East,Credit Card
107,1862,304,Home,1,345.7,0.12,2023-01-05 10:00:00,East,Credit Card
108,1815,225,Electronics,2,74.57,0.04,2023-01-05 11:00:00,North,Credit Card
109,1270,334,Books,4,245.37,0.01,2023-01-05 12:00:00,North,PayPal
110,1455,142,Beauty,2,18.63,0.11,2023-01-05 13:00:00,South,PayPal
111,1461,339,Beauty,4,255.2,0.24,2023-01-05 14:00:00,North,PayPal
112,1726,470,Sports,2,482.19,0.17,2023-01-05 15:00:00,South,Debit Card
113,1251,210,Sports,3,195.18,0.09,2023-01-05 16:00:00,West,Cash on Delivery
114,1701,348,Sports,3,24.3,0.2,2023-01-05 17:00:00,North,PayPal
115,1295,250,Home,4,20.32,0.07,2023-01-05 18:00:00,East,Debit Card
116,1724,282,Beauty,4,197.05,0.0,2023-01-05 19:00:00,North,PayPal
117,1719,435,Books,3,84.21,0.23,2023-01-05 20:00:00,South,PayPal
118,1748,194,Home,4,16.56,0.19,2023-01-05 21:00:00,North,Credit Card
119,1337,473,Electronics,2,379.33,0.23,2023-01-05 22:00:00,West,Credit Card
120,1878,499,Sports,2,231.97,0.01,2023-01-05 23:00:00,East,Credit Card
121,1052,107,Home,3,148.18,0.25,2023-01-06 00:00:00,South,Debit Card
122,1791,487,Home,1,450.54,0.19,2023-01-06 01:00:00,East,Cash on Delivery
123,1921,459,Electronics,2,62.49,0.17,2023-01-06 02:00:00,East,Cash on Delivery
124,1216,487,Clothing,4,478.18,0.19,2023-01-06 03:00:00,South,Debit Card
125,1763,283,Beauty,1,160.41,0.26,2023-01-06 04:00:00,East,PayPal
126,1187,380,Books,1,444.76,0.18,2023-01-06 05:00:00,East,Debit Card
127,1379,294,Clothing,2,303.46,0.17,2023-01-06 06:00:00,North,PayPal
128,1492,451,Sports,2,414.22,0.3,2023-01-06 07:00:00,East,Debit Card
129,1040,294,Home,1,492.09,0.23,2023-01-06 08:00:00,East,Debit Card
130,1156,254,Electronics,1,147.76,0.13,2023-01-06 09:00:00,East,Debit Card
131,1014,192,Electronics,3,480.76,0.21,2023-01-06 10:00:00,East,Cash on Delivery
132,1812,259,Beauty,4,197.79,0.12,2023-01-06 11:00:00,South,Credit Card
133,1064,160,Clothing,3,195.83,0.07,2023-01-06 12:00:00,West,Debit Card
134,1856,221,Beauty,2,173.49,0.18,2023-01-06 13:00:00,North,Cash on Delivery
135,1838,150,Home,3,273.0,0.28,2023-01-06 14:00:00,East,Credit Card
136,1520,376,Beauty,3,81.3,0.28,2023-01-06 15:00:00,East,Credit Card
137,1343,104,Books,3,279.09,0.1,2023-01-06 16:00:00,South,Debit Card
138,1128,191,Electronics,3,273.14,0.16,2023-01-06 17:00:00,West,PayPal
139,1647,269,Electronics,4,382.14,0.06,2023-01-06 18:00:00,East,PayPal
140,1471,416,Sports,4,417.66,0.3,2023-01-06 19:00:00,South,PayPal
141,1062,121,Sports,1,223.02,0.29,2023-01-06 20:00:00,North,Debit Card
142,1138,425,Home,2,154.65,0.19,2023-01-06 21:00:00,North,PayPal
143,1498,100,Books,3,133.37,0.24,2023-01-06 22:00:00,East,Cash on Delivery
144,1592,232,Clothing,1,101.34,0.21,2023-01-06 23:00:00,East,Cash on Delivery
145,1391,332,Beauty,1,33.54,0.18,2023-01-07 00:00:00,West,Cash on Delivery
146,1674,111,Home,1,174.51,0.02,2023-01-07 01:00:00,West,Cash on Delivery
147,1418,445,Sports,4,138.77,0.14,2023-01-07 02:00:00,East,Credit Card
148,1288,145,Beauty,3,483.38,0.2,2023-01-07 03:00:00,South,Cash on Delivery
149,1378,133,Sports,3,281.07,0.2,2023-01-07 04:00:00,West,PayPal
150,1772,177,Beauty,2,176.9,0.11,2023-01-07 05:00:00,East,Debit Card
151,1489,317,Clothing,3,292.33,0.28,2023-01-07 06:00:00,West,PayPal
152,1230,400,Home,3,73.9,0.05,2023-01-07 07:00:00,East,Cash on Delivery
153,1040,172,Beauty,1,224.8,0.15,2023-01-07 08:00:00,North,Credit Card
154,1027,381,Books,2,314.99,0.21,2023-01-07 09:00:00,East,Cash on Delivery
155,1134,348,Electronics,3,247.0,0.21,2023-01-07 10:00:00,North,Debit Card
156,1200,146,Books,4,203.88,0.19,2023-01-07 11:00:00,West,PayPal
157,1839,220,Books,3,496.95,0.08,2023-01-07 12:00:00,East,Debit Card
158,1779,313,Electronics,1,440.76,0.05,2023-01-07 13:00:00,West,Debit Card
159,1929,338,Books,4,313.59,0.19,2023-01-07 14:00:00,North,Debit Card
160,1032,155,Beauty,1,286.84,0.18,2023-01-07 15:00:00,East,PayPal
161,1047,449,Beauty,3,312.23,0.05,2023-01-07 16:00:00,West,Cash on Delivery
162,1502,206,Beauty,4,104.65,0.21,2023-01-07 17:00:00,North,Debit Card
163,1406,418,Electronics,2,200.59,0.14,2023-01-07 18:00:00,West,PayPal
164,1573,147,Books,2,24.53,0.2,2023-01-07 19:00:00,South,Credit Card
165,1727,160,Electronics,4,240.4,0.25,2023-01-07 20:00:00,North,PayPal
166,1804,436,Beauty,4,273.8,0.05,2023-01-07 21:00:00,North,Credit Card
167,1098,125,Books,1,117.74,0.01,2023-01-07 22:00:00,North,PayPal
168,1683,391,Books,4,482.19,0.23,2023-01-07 23:00:00,East,Cash on Delivery
169,1871,356,Sports,1,455.18,0.18,2023-01-08 00:00:00,East,Debit Card
170,1725,107,Sports,3,362.46,0.21,2023-01-08 01:00:00,East,Cash on Delivery
171,1986,212,Clothing,1,269.03,0.25,2023-01-08 02:00:00,South,PayPal
172,1546,454,Home,4,435.63,0.24,2023-01-08 03:00:00,South,Debit Card
173,1960,352,Sports,4,69.67,0.29,2023-01-08 04:00:00,North,Credit Card
174,1738,279,Electronics,3,396.3,0.16,2023-01-08 05:00:00,South,PayPal
175,1612,306,Sports,4,66.79,0.15,2023-01-08 06:00:00,West,Debit Card
176,1942,402,Clothing,4,398.13,0.12,2023-01-08 07:00:00,North,Credit Card
177,1461,226,Books,2,141.5,0.05,2023-01-08 08:00:00,North,Credit Card
178,1642,155,Clothing,2,439.16,0.17,2023-01-08 09:00:00,West,Cash on Delivery
179,1768,313,Books,3,472.3,0.08,2023-01-08 10:00:00,North,PayPal
180,1004,113,Books,1,78.65,0.28,2023-01-08 11:00:00,South,Credit Card
181,1217,127,Home,2,234.02,0.17,2023-01-08 12:00:00,East,Debit Card
182,1502,177,Sports,1,490.59,0.18,2023-01-08 13:00:00,West,Credit Card
183,1766,315,Electronics,4,244.29,0.11,2023-01-08 14:00:00,South,Credit Card
184,1397,485,Electronics,2,432.46,0.02,2023-01-08 15:00:00,West,Cash on Delivery
185,1870,464,Beauty,3,296.42,0.01,2023-01-08 16:00:00,West,Cash on Delivery
186,1794,253,Books,3,190.79,0.13,2023-01-08 17:00:00,North,Debit Card
187,1392,113,Electronics,3,146.46,0.03,2023-01-08 18:00:00,North,Cash on Delivery
188,1206,286,Home,2,105.6,0.18,2023-01-08 19:00:00,South,Credit Card
189,1014,411,Books,1,382.09,0.26,2023-01-08 20:00:00,West,Credit Card
190,1857,470,Home,4,196.34,0.26,2023-01-08 21:00:00,North,Cash on Delivery
191,1553,106,Electronics,1,258.08,0.2,2023-01-08 22:00:00,North,Credit Card
192,1891,102,Electronics,1,248.7,0.06,2023-01-08 23:00:00,West,Credit Card
193,1460,210,Beauty,4,290.75,0.26,2023-01-09 00:00:00,South,Debit Card
194,1690,337,Electronics,4,433.46,0.27,2023-01-09 01:00:00,South,Cash on Delivery
195,1574,462,Books,2,490.47,0.06,2023-01-09 02:00:00,West,Credit Card
196,1863,338,Books,2,206.75,0.22,2023-01-09 03:00:00,South,Cash on Delivery
197,1742,373,Books,2,414.62,0.09,2023-01-09 04:00:00,North,Debit Card
198,1240,393,Beauty,2,383.44,0.24,2023-01-09 05:00:00,West,Cash on Delivery
199,1563,326,Beauty,2,288.9,0.3,2023-01-09 06:00:00,North,Credit Card
200,1095,470,Electronics,4,478.24,0.01,2023-01-09 07:00:00,East,Cash on Delivery
201,1899,114,Clothing,1,104.23,0.27,2023-01-09 08:00:00,East,Credit Card
202,1733,291,Clothing,2,59.09,0.19,2023-01-09 09:00:00,South,Credit Card
203,1484,218,Beauty,2,427.71,0.29,2023-01-09 10:00:00,East,Credit Card
204,1406,127,Electronics,1,222.38,0.14,2023-01-09 11:00:00,North,Debit Card
205,1230,301,Clothing,2,424.25,0.25,2023-01-09 12:00:00,East,Cash on Delivery
206,1748,138,Electronics,1,447.08,0.02,2023-01-09 13:00:00,North,Debit Card
207,1654,372,Electronics,1,35.92,0.1,2023-01-09 14:00:00,South,Cash on Delivery
208,1170,330,Electronics,4,442.32,0.02,2023-01-09 15:00:00,South,Debit Card
209,1540,185,Sports,3,226.92,0.29,2023-01-09 16:00:00,North,PayPal
210,1035,225,Books,4,257.66,0.25,2023-01-09 17:00:00,East,Credit Card
211,1524,399,Electronics,3,315.16,0.26,2023-01-09 18:00:00,South,Credit Card
212,1159,124,Sports,3,463.56,0.28,2023-01-09 19:00:00,West,Debit Card
213,1838,244,Beauty,3,14.46,0.03,2023-01-09 20:00:00,South,PayPal
214,1698,112,Clothing,2,241.04,0.12,2023-01-09 21:00:00,East,Credit Card
215,1242,311,Books,4,345.42,0.02,2023-01-09 22:00:00,West,Cash on Delivery
216,1085,124,Clothing,3,362.74,0.06,2023-01-09 23:00:00,East,Debit Card
217,1795,167,Books,1,347.8,0.07,2023-01-10 00:00:00,North,Credit Card
218,1577,493,Clothing,2,71.55,0.14,2023-01-10 01:00:00,West,Credit Card
219,1681,166,Books,4,153.2,0.08,2023-01-10 02:00:00,East,Debit Card
220,1556,332,Clothing,3,182.56,0.03,2023-01-10 03:00:00,West,Debit Card
221,1573,208,Clothing,1,403.2,0.05,2023-01-10 04:00:00,East,Cash on Delivery
222,1952,245,Clothing,4,142.99,0.04,2023-01-10 05:00:00,West,Cash on Delivery
223,1645,210,Clothing,4,109.3,0.29,2023-01-10 06:00:00,East,Credit Card
224,1795,327,Beauty,2,478.94,0.23,2023-01-10 07:00:00,North,Credit Card
225,1027,210,Electronics,4,9.39,0.29,2023-01-10 08:00:00,West,Debit Card
226,1619,133,Home,2,498.92,0.13,2023-01-10 09:00:00,West,Credit Card
227,1555,210,Sports,3,340.03,0.08,2023-01-10 10:00:00,West,Credit Card
228,1339,363,Home,2,415.09,0.24,2023-01-10 11:00:00,West,Debit Card
229,1797,468,Home,1,150.84,0.1,2023-01-10 12:00:00,North,Credit Card
230,1957,335,Books,2,12.09,0.09,2023-01-10 13:00:00,West,Credit Card
231,1330,182,Electronics,1,370.25,0.07,2023-01-10 14:00:00,South,PayPal
232,1639,141,Books,2,417.9,0.04,2023-01-10 15:00:00,North,Cash on Delivery
233,1505,200,Electronics,4,371.54,0.08,2023-01-10 16:00:00,South,Debit Card
234,1347,105,Electronics,3,75.71,0.11,2023-01-10 17:00:00,West,PayPal
235,1472,279,Clothing,1,377.95,0.2,2023-01-10 18:00:00,East,Cash on Delivery
236,1230,381,Beauty,2,385.62,0.02,2023-01-10 19:00:00,South,Cash on Delivery
237,1189,419,Clothing,2,330.98,0.06,2023-01-10 20:00:00,West,Cash on Delivery
238,1224,325,Beauty,2,384.23,0.24,2023-01-10 21:00:00,South,PayPal
239,1384,414,Books,4,423.73,0.04,2023-01-10 22:00:00,West,PayPal
240,1376,464,Beauty,4,308.73,0.1,2023-01-10 23:00:00,West,Cash on Delivery
241,1282,328,Books,1,48.86,0.26,2023-01-11 00:00:00,West,Credit Card
242,1957,476,Home,1,246.38,0.05,2023-01-11 01:00:00,East,Credit Card
243,1632,388,Home,4,43.44,0.02,2023-01-11 02:00:00,South,PayPal
244,1627,249,Beauty,1,206.73,0.15,2023-01-11 03:00:00,North,PayPal
245,1972,376,Beauty,3,206.52,0.09,2023-01-11 04:00:00,North,PayPal
246,1744,297,Books,3,37.67,0.17,2023-01-11 05:00:00,North,Cash on Delivery
247,1258,169,Clothing,4,177.67,0.24,2023-01-11 06:00:00,North,Credit Card
248,1358,211,Books,1,59.94,0.04,2023-01-11 07:00:00,West,PayPal
249,1709,103,Clothing,2,405.08,0.17,2023-01-11 08:00:00,South,PayPal
250,1455,449,Home,3,474.11,0.15,2023-01-11 09:00:00,South,Debit Card
251,1410,430,Electronics,4,40.8,0.04,2023-01-11 10:00:00,East,Cash on Delivery
252,1648,417,Beauty,1,477.78,0.19,2023-01-11 11:00:00,South,Debit Card
253,1317,449,Clothing,4,263.68,0.08,2023-01-11 12:00:00,South,Credit Card
254,1676,194,Books,2,153.29,0.15,2023-01-11 13:00:00,South,Debit Card
255,1224,251,Home,3,43.05,0.02,2023-01-11 14:00:00,East,Debit Card
256,1818,410,Clothing,4,252.81,0.14,2023-01-11 15:00:00,North,Debit Card
257,1233,236,Books,4,398.29,0.09,2023-01-11 16:00:00,South,Cash on Delivery
258,1683,346,Beauty,4,355.01,0.25,2023-01-11 17:00:00,East,Credit Card
259,1663,486,Beauty,2,29.86,0.02,2023-01-11 18:00:00,East,Debit Card
260,1974,342,Sports,4,41.09,0.13,2023-01-11 19:00:00,West,Cash on Delivery
261,1826,130,Electronics,2,204.42,0.14,2023-01-11 20:00:00,East,Credit Card
262,1373,139,Sports,2,151.17,0.22,2023-01-11 21:00:00,North,PayPal
263,1671,328,Home,2,120.03,0.17,2023-01-11 22:00:00,South,Debit Card
264,1607,135,Clothing,3,144.1,0.2,2023-01-11 23:00:00,East,Credit Card
265,1471,322,Home,3,402.72,0.23,2023-01-12 00:00:00,North,Debit Card
266,1232,105,Books,4,464.97,0.26,2023-01-12 01:00:00,East,PayPal
267,1691,421,Beauty,4,205.53,0.09,2023-01-12 02:00:00,East,Credit Card
268,1112,319,Sports,3,453.52,0.16,2023-01-12 03:00:00,East,Cash on Delivery
269,1829,174,Sports,1,164.14,0.25,2023-01-12 04:00:00,East,Credit Card
270,1496,103,Sports,3,240.84,0.3,2023-01-12 05:00:00,East,Cash on Delivery
271,1441,434,Home,2,116.88,0.27,2023-01-12 06:00:00,North,Credit Card
272,1563,233,Beauty,3,322.04,0.11,2023-01-12 07:00:00,South,Cash on Delivery
273,1267,217,Clothing,2,489.6,0.06,2023-01-12 08:00:00,South,PayPal
274,1509,468,Books,4,303.73,0.15,2023-01-12 09:00:00,South,PayPal
275,1806,193,Clothing,1,182.12,0.22,2023-01-12 10:00:00,South,PayPal
276,1385,161,Home,4,325.67,0.15,2023-01-12 11:00:00,North,Credit Card
277,1386,293,Books,2,65.85,0.14,2023-01-12 12:00:00,West,PayPal
278,1112,434,Sports,2,444.89,0.25,2023-01-12 13:00:00,West,Debit Card
279,1612,302,Electronics,2,254.03,0.11,2023-01-12 14:00:00,North,PayPal
280,1624,491,Home,1,227.43,0.26,2023-01-12 15:00:00,North,Cash on Delivery
281,1951,125,Home,3,295.0,0.12,2023-01-12 16:00:00,East,Cash on Delivery
282,1080,272,Beauty,4,314.27,0.1,2023-01-12 17:00:00,East,Cash on Delivery
283,1698,399,Clothing,4,40.53,0.14,2023-01-12 18:00:00,East,Credit Card
284,1112,232,Home,3,342.9,0.23,2023-01-12 19:00:00,South,Debit Card
285,1001,425,Home,4,124.76,0.04,2023-01-12 20:00:00,East,PayPal
286,1641,217,Sports,1,358.41,0.06,2023-01-12 21:00:00,West,Debit Card
287,1219,423,Sports,4,412.15,0.29,2023-01-12 22:00:00,South,Debit Card
288,1565,374,Books,2,402.96,0.05,2023-01-12 23:00:00,East,Cash on Delivery
289,1854,311,Electronics,3,278.49,0.17,2023-01-13 00:00:00,South,Cash on Delivery
290,1996,324,Beauty,1,262.48,0.17,2023-01-13 01:00:00,West,Cash on Delivery
291,1735,119,Electronics,3,75.72,0.15,2023-01-13 02:00:00,East,Credit Card
292,1224,212,Books,1,388.8,0.19,2023-01-13 03:00:00,West,Debit Card
293,1384,239,Sports,2,139.35,0.07,2023-01-13 04:00:00,West,Debit Card
294,1402,146,Clothing,3,250.86,0.17,2023-01-13 05:00:00,West,Credit Card
295,1637,100,Sports,4,145.72,0.11,2023-01-13 06:00:00,East,Credit Card
296,1129,189,Beauty,1,71.25,0.2,2023-01-13 07:00:00,North,Credit Card
297,1052,241,Sports,3,316.63,0.04,2023-01-13 08:00:00,East,Debit Card
298,1683,419,Beauty,4,31.89,0.17,2023-01-13 09:00:00,West,Debit Card
299,1729,137,Beauty,3,375.58,0.06,2023-01-13 10:00:00,East,Cash on Delivery
300,1671,392,Beauty,3,162.21,0.08,2023-01-13 11:00:00,West,Cash on Delivery
301,1709,481,Books,3,5.07,0.07,2023-01-13 12:00:00,North,Debit Card
302,1415,238,Beauty,1,258.01,0.05,2023-01-13 13:00:00,South,Cash on Delivery
303,1246,455,Beauty,4,28.19,0.25,2023-01-13 14:00:00,North,Credit Card
304,1835,432,Clothing,2,141.7,0.09,2023-01-13 15:00:00,North,PayPal
305,1438,358,Electronics,1,354.95,0.28,2023-01-13 16:00:00,South,Cash on Delivery
306,1202,260,Home,1,36.03,0.29,2023-01-13 17:00:00,East,Debit Card
307,1183,489,Electronics,1,420.47,0.17,2023-01-13 18:00:00,South,Cash on Delivery
308,1122,277,Beauty,2,6.89,0.04,2023-01-13 19:00:00,East,Cash on Delivery
309,1400,109,Clothing,4,127.18,0.11,2023-01-13 20:00:00,East,Cash on Delivery
310,1766,360,Sports,4,371.75,0.24,2023-01-13 21:00:00,West,PayPal
311,1293,237,Clothing,4,161.55,0.11,2023-01-13 22:00:00,West,Credit Card
312,1279,271,Beauty,3,55.44,0.03,2023-01-13 23:00:00,South,Debit Card
313,1836,485,Clothing,3,183.32,0.17,2023-01-14 00:00:00,North,PayPal
314,1883,112,Clothing,3,138.84,0.25,2023-01-14 01:00:00,South,Debit Card
315,1609,267,Beauty,2,422.14,0.24,2023-01-14 02:00:00,East,Debit Card
316,1197,229,Books,3,160.11,0.05,2023-01-14 03:00:00,West,Debit Card
317,1981,183,Clothing,2,395.52,0.2,2023-01-14 04:00:00,South,PayPal
318,1906,420,Home,4,446.48,0.07,2023-01-14 05:00:00,South,Credit Card
319,1510,418,Home,3,219.74,0.07,2023-01-14 06:00:00,West,Debit Card
320,1751,200,Clothing,3,455.42,0.26,2023-01-14 07:00:00,West,Credit Card
321,1143,428,Books,1,191.77,0.07,2023-01-14 08:00:00,West,Credit Card
322,1608,372,Sports,2,482.22,0.08,2023-01-14 09:00:00,East,Cash on Delivery
323,1200,364,Beauty,4,49.2,0.0,2023-01-14 10:00:00,West,PayPal
324,1123,498,Home,1,345.07,0.26,2023-01-14 11:00:00,North,PayPal
325,1186,137,Sports,1,249.44,0.24,2023-01-14 12:00:00,South,Cash on Delivery
326,1325,193,Clothing,4,196.89,0.19,2023-01-14 13:00:00,West,Cash on Delivery
327,1463,194,Sports,1,318.19,0.23,2023-01-14 14:00:00,West,Credit Card
328,1348,404,Electronics,2,353.41,0.05,2023-01-14 15:00:00,East,Debit Card
329,1770,168,Home,2,7.16,0.14,2023-01-14 16:00:00,East,PayPal
330,1659,417,Clothing,3,87.64,0.11,2023-01-14 17:00:00,South,Debit Card
331,1763,335,Beauty,1,357.96,0.03,2023-01-14 18:00:00,North,Debit Card
332,1954,433,Books,3,334.86,0.15,2023-01-14 19:00:00,South,Cash on Delivery
333,1931,472,Clothing,1,483.19,0.28,2023-01-14 20:00:00,West,Debit Card
334,1402,475,Beauty,2,381.71,0.01,2023-01-14 21:00:00,North,Credit Card
335,1345,236,Books,2,475.63,0.09,2023-01-14 22:00:00,North,Cash on Delivery
336,1962,175,Books,2,352.76,0.06,2023-01-14 23:00:00,North,Debit Card
337,1510,134,Clothing,1,152.54,0.07,2023-01-15 00:00:00,North,Cash on Delivery
338,1146,100,Sports,2,57.16,0.27,2023-01-15 01:00:00,South,Credit Card
339,1147,395,Sports,1,392.0,0.14,2023-01-15 02:00:00,East,Credit Card
340,1863,419,Books,3,323.85,0.14,2023-01-15 03:00:00,East,Debit Card
341,1710,159,Sports,1,28.85,0.23,2023-01-15 04:00:00,West,Cash on Delivery
342,1819,419,Electronics,3,183.22,0.05,2023-01-15 05:00:00,East,Debit Card
343,1488,448,Books,1,478.62,0.15,2023-01-15 06:00:00,East,Debit Card
344,1928,427,Books,3,252.7,0.13,2023-01-15 07:00:00,East,Cash on Delivery
345,1935,366,Beauty,2,219.2,0.18,2023-01-15 08:00:00,East,Debit Card
346,1639,460,Sports,3,231.56,0.3,2023-01-15 09:00:00,West,Credit Card
347,1550,328,Books,2,108.4,0.23,2023-01-15 10:00:00,South,Cash on Delivery
348,1337,369,Electronics,2,187.51,0.12,2023-01-15 11:00:00,North,Cash on Delivery
349,1871,415,Beauty,3,188.06,0.25,2023-01-15 12:00:00,East,Cash on Delivery
350,1640,385,Clothing,1,30.92,0.05,2023-01-15 13:00:00,South,Cash on Delivery
351,1778,390,Books,1,384.95,0.01,2023-01-15 14:00:00,East,Debit Card
352,1987,312,Electronics,4,211.17,0.06,2023-01-15 15:00:00,East,Debit Card
353,1952,264,Home,1,411.98,0.1,2023-01-15 16:00:00,North,Credit Card
354,1472,104,Electronics,4,425.92,0.15,2023-01-15 17:00:00,North,PayPal
355,1945,438,Electronics,1,109.94,0.18,2023-01-15 18:00:00,North,PayPal
356,1150,478,Beauty,1,330.39,0.27,2023-01-15 19:00:00,East,Credit Card
357,1414,177,Clothing,2,238.78,0.15,2023-01-15 20:00:00,East,PayPal
358,1989,161,Home,4,440.68,0.15,2023-01-15 21:00:00,East,Credit Card
359,1297,231,Sports,1,111.79,0.02,2023-01-15 22:00:00,North,Debit Card
360,1610,188,Sports,4,340.52,0.01,2023-01-15 23:00:00,West,Cash on Delivery
361,1262,336,Electronics,2,305.84,0.17,2023-01-16 00:00:00,South,Cash on Delivery
362,1763,141,Beauty,2,151.17,0.13,2023-01-16 01:00:00,West,Debit Card
363,1143,188,Beauty,4,72.62,0.25,2023-01-16 02:00:00,East,Cash on Delivery
364,1345,395,Sports,2,327.56,0.05,2023-01-16 03:00:00,East,Cash on Delivery
365,1623,427,Home,3,370.61,0.01,2023-01-16 04:00:00,West,PayPal
366,1571,394,Clothing,3,161.24,0.13,2023-01-16 05:00:00,East,Debit Card
367,1880,203,Home,2,324.19,0.07,2023-01-16 06:00:00,South,PayPal
368,1001,113,Books,3,200.59,0.01,2023-01-16 07:00:00,East,PayPal
369,1896,387,Books,1,358.04,0.22,2023-01-16 08:00:00,South,Cash on Delivery
370,1303,278,Clothing,4,103.61,0.03,2023-01-16 09:00:00,West,Cash on Delivery
371,1253,224,Sports,1,445.66,0.18,2023-01-16 10:00:00,West,Debit Card
372,1651,452,Clothing,4,147.27,0.08,2023-01-16 11:00:00,East,Cash on Delivery
373,1452,122,Beauty,2,187.05,0.05,2023-01-16 12:00:00,South,Cash on Delivery
374,1036,162,Books,1,33.76,0.11,2023-01-16 13:00:00,East,Debit Card
375,1159,242,Electronics,2,60.2,0.24,2023-01-16 14:00:00,North,Cash on Delivery
376,1008,252,Electronics,2,260.35,0.12,2023-01-16 15:00:00,North,PayPal
377,1232,244,Sports,4,137.46,0.23,2023-01-16 16:00:00,North,Debit Card
378,1098,324,Beauty,4,418.56,0.04,2023-01-16 17:00:00,North,Cash on Delivery
379,1658,408,Home,4,12.27,0.23,2023-01-16 18:00:00,East,Credit Card
380,1815,203,Beauty,1,192.65,0.07,2023-01-16 19:00:00,North,Debit Card
381,1207,203,Electronics,3,171.99,0.2,2023-01-16 20:00:00,South,Debit Card
382,1130,138,Electronics,4,14.57,0.17,2023-01-16 21:00:00,West,Credit Card
383,1403,297,Books,4,66.56,0.28,2023-01-16 22:00:00,West,Cash on Delivery
384,1151,233,Beauty,1,209.75,0.12,2023-01-16 23:00:00,North,Cash on Delivery
385,1053,166,Beauty,4,248.97,0.02,2023-01-17 00:00:00,North,Debit Card
386,1119,490,Electronics,1,205.12,0.01,2023-01-17 01:00:00,North,Debit Card
387,1672,278,Home,2,267.81,0.25,2023-01-17 02:00:00,East,Cash on Delivery
388,1919,141,Sports,4,299.59,0.16,2023-01-17 03:00:00,West,Cash on Delivery
389,1627,114,Sports,4,9.91,0.23,2023-01-17 04:00:00,North,PayPal
390,1586,210,Beauty,2,234.73,0.07,2023-01-17 05:00:00,South,Debit Card
391,1624,256,Sports,2,481.93,0.1,2023-01-17 06:00:00,North,Debit Card
392,1967,388,Electronics,2,261.92,0.01,2023-01-17 07:00:00,West,Credit Card
393,1419,330,Electronics,4,340.38,0.29,2023-01-17 08:00:00,North,PayPal
394,1421,256,Beauty,3,159.37,0.2,2023-01-17 09:00:00,West,Cash on Delivery
395,1103,137,Beauty,3,388.13,0.28,2023-01-17 10:00:00,North,PayPal
396,1851,196,Books,3,387.6,0.08,2023-01-17 11:00:00,South,Cash on Delivery
397,1253,388,Beauty,4,263.04,0.18,2023-01-17 12:00:00,North,Cash on Delivery
398,1226,353,Home,2,488.13,0.2,2023-01-17 13:00:00,South,PayPal
399,1111,295,Sports,4,67.15,0.1,2023-01-17 14:00:00,South,Debit Card
400,1509,185,Beauty,2,13.39,0.25,2023-01-17 15:00:00,North,Cash on Delivery
401,1472,421,Clothing,4,386.23,0.28,2023-01-17 16:00:00,South,PayPal
402,1098,109,Books,4,404.54,0.27,2023-01-17 17:00:00,East,Credit Card
403,1152,104,Clothing,2,64.5,0.22,2023-01-17 18:00:00,North,PayPal
404,1860,222,Electronics,3,136.46,0.08,2023-01-17 19:00:00,North,Credit Card
405,1913,429,Sports,2,13.69,0.08,2023-01-17 20:00:00,South,Cash on Delivery
406,1895,452,Beauty,1,150.19,0.29,2023-01-17 21:00:00,South,PayPal
407,1877,217,Clothing,1,387.71,0.0,2023-01-17 22:00:00,North,PayPal
408,1337,393,Sports,2,261.39,0.21,2023-01-17 23:00:00,East,Credit Card
409,1705,496,Electronics,4,177.31,0.21,2023-01-18 00:00:00,South,PayPal
410,1821,258,Home,1,189.01,0.19,2023-01-18 01:00:00,South,PayPal
411,1162,402,Books,1,5.67,0.3,2023-01-18 02:00:00,West,Cash on Delivery
412,1719,327,Sports,4,153.4,0.09,2023-01-18 03:00:00,East,PayPal
413,1956,464,Sports,4,325.0,0.1,2023-01-18 04:00:00,East,Debit Card
414,1680,315,Home,3,487.23,0.02,2023-01-18 05:00:00,North,Credit Card
415,1995,283,Sports,4,424.3,0.13,2023-01-18 06:00:00,East,PayPal
416,1160,114,Electronics,2,16.68,0.08,2023-01-18 07:00:00,North,Credit Card
417,1579,256,Electronics,2,449.79,0.1,2023-01-18 08:00:00,West,Credit Card
418,1800,235,Home,3,392.68,0.25,2023-01-18 09:00:00,East,Credit Card
419,1397,360,Books,1,391.29,0.28,2023-01-18 10:00:00,South,PayPal
420,1276,256,Beauty,1,231.71,0.06,2023-01-18 11:00:00,West,PayPal
421,1815,146,Clothing,4,202.01,0.11,2023-01-18 12:00:00,North,Credit Card
422,1915,423,Beauty,2,154.94,0.28,2023-01-18 13:00:00,West,Debit Card
423,1503,431,Sports,1,37.52,0.02,2023-01-18 14:00:00,North,Credit Card
424,1895,272,Clothing,3,117.98,0.03,2023-01-18 15:00:00,West,Debit Card
425,1391,229,Home,3,127.07,0.05,2023-01-18 16:00:00,North,Credit Card
426,1134,194,Home,2,244.62,0.18,2023-01-18 17:00:00,East,Cash on Delivery
427,1194,214,Books,3,374.98,0.05,2023-01-18 18:00:00,South,Credit Card
428,1400,342,Clothing,3,239.54,0.29,2023-01-18 19:00:00,North,Credit Card
429,1639,391,Electronics,2,33.63,0.13,2023-01-18 20:00:00,West,PayPal
430,1032,381,Clothing,4,479.11,0.15,2023-01-18 21:00:00,North,Debit Card
431,1687,398,Sports,4,471.65,0.07,2023-01-18 22:00:00,North,Cash on Delivery
432,1459,382,Electronics,3,393.67,0.14,2023-01-18 23:00:00,North,Debit Card
433,1954,168,Home,4,495.71,0.2,2023-01-19 00:00:00,West,Cash on Delivery
434,1882,247,Clothing,4,274.52,0.23,2023-01-19 01:00:00,South,Credit Card
435,1469,110,Beauty,3,481.57,0.23,2023-01-19 02:00:00,East,PayPal
436,1374,353,Books,4,42.42,0.17,2023-01-19 03:00:00,South,PayPal
437,1021,429,Beauty,3,186.01,0.27,2023-01-19 04:00:00,North,Debit Card
438,1749,459,Books,1,116.56,0.25,2023-01-19 05:00:00,West,PayPal
439,1669,137,Sports,2,101.94,0.23,2023-01-19 06:00:00,South,Debit Card
440,1037,233,Beauty,2,74.7,0.02,2023-01-19 07:00:00,North,Debit Card
441,1229,299,Clothing,4,313.09,0.0,2023-01-19 08:00:00,East,Cash on Delivery
442,1364,122,Clothing,4,391.75,0.06,2023-01-19 09:00:00,East,Debit Card
443,1562,402,Beauty,4,291.26,0.2,2023-01-19 10:00:00,East,Cash on Delivery
444,1437,445,Clothing,2,77.75,0.12,2023-01-19 11:00:00,North,PayPal
445,1775,401,Sports,1,406.51,0.12,2023-01-19 12:00:00,West,Debit Card
446,1282,462,Electronics,1,319.8,0.27,2023-01-19 13:00:00,South,Debit Card
447,1026,495,Sports,2,197.14,0.27,2023-01-19 14:00:00,East,Credit Card
448,1225,317,Books,1,338.69,0.27,2023-01-19 15:00:00,North,Debit Card
449,1276,240,Sports,2,133.65,0.09,2023-01-19 16:00:00,North,Debit Card
450,1797,203,Books,1,175.87,0.21,2023-01-19 17:00:00,South,Credit Card
451,1608,309,Clothing,3,459.16,0.08,2023-01-19 18:00:00,East,Credit Card
452,1283,210,Electronics,3,148.8,0.06,2023-01-19 19:00:00,North,PayPal
453,1878,203,Clothing,2,237.64,0.06,2023-01-19 20:00:00,South,Debit Card
454,1959,415,Home,1,445.62,0.1,2023-01-19 21:00:00,West,PayPal
455,1480,270,Clothing,4,355.32,0.13,2023-01-19 22:00:00,West,PayPal
456,1452,455,Books,1,35.79,0.25,2023-01-19 23:00:00,West,Credit Card
457,1828,423,Clothing,3,77.92,0.04,2023-01-20 00:00:00,East,Cash on Delivery
458,1815,232,Clothing,3,8.88,0.22,2023-01-20 01:00:00,South,PayPal
459,1658,475,Electronics,1,317.31,0.16,2023-01-20 02:00:00,South,Cash on Delivery
460,1515,392,Clothing,1,226.6,0.09,2023-01-20 03:00:00,North,Debit Card
461,1546,427,Electronics,4,71.47,0.15,2023-01-20 04:00:00,North,Credit Card
462,1191,226,Beauty,4,479.18,0.09,2023-01-20 05:00:00,North,Debit Card
463,1048,205,Home,1,267.18,0.18,2023-01-20 06:00:00,South,Debit Card
464,1511,191,Electronics,1,124.74,0.13,2023-01-20 07:00:00,North,Credit Card
465,1016,386,Books,1,252.8,0.05,2023-01-20 08:00:00,South,Debit Card
466,1171,477,Beauty,1,341.41,0.03,2023-01-20 09:00:00,South,Credit Card
467,1219,492,Electronics,2,42.74,0.16,2023-01-20 10:00:00,West,Cash on Delivery
468,1157,150,Electronics,1,140.98,0.27,2023-01-20 11:00:00,North,Debit Card
469,1476,128,Home,4,404.45,0.1,2023-01-20 12:00:00,West,Credit Card
470,1045,395,Books,3,232.53,0.22,2023-01-20 13:00:00,East,PayPal
471,1372,396,Sports,2,275.56,0.2,2023-01-20 14:00:00,East,Debit Card
472,1517,313,Sports,1,219.24,0.28,2023-01-20 15:00:00,East,Cash on Delivery
473,1098,366,Electronics,3,26.73,0.25,2023-01-20 16:00:00,South,Credit Card
474,1891,356,Clothing,2,87.05,0.17,2023-01-20 17:00:00,South,Debit Card
475,1744,401,Books,3,225.54,0.2,2023-01-20 18:00:00,South,Debit Card
476,1036,200,Beauty,1,108.55,0.27,2023-01-20 19:00:00,North,Debit Card
477,1279,445,Clothing,1,29.74,0.12,2023-01-20 20:00:00,West,Cash on Delivery
478,1348,209,Clothing,4,422.61,0.1,2023-01-20 21:00:00,South,Credit Card
479,1496,281,Books,1,490.69,0.0,2023-01-20 22:00:00,West,PayPal
480,1301,412,Electronics,1,397.61,0.25,2023-01-20 23:00:00,West,PayPal
481,1180,100,Electronics,2,427.62,0.24,2023-01-21 00:00:00,West,PayPal
482,1606,418,Electronics,4,124.78,0.03,2023-01-21 01:00:00,North,Credit Card
483,1098,154,Electronics,2,480.51,0.17,2023-01-21 02:00:00,North,PayPal
484,1699,470,Sports,3,102.48,0.14,2023-01-21 03:00:00,East,Cash on Delivery
485,1992,498,Electronics,1,475.96,0.04,2023-01-21 04:00:00,East,Credit Card
486,1115,248,Sports,3,497.44,0.29,2023-01-21 05:00:00,West,Debit Card
487,1190,408,Sports,2,357.3,0.06,2023-01-21 06:00:00,East,Cash on Delivery
488,1252,236,Electronics,1,490.67,0.02,2023-01-21 07:00:00,West,Debit Card
489,1980,301,Home,1,286.92,0.18,2023-01-21 08:00:00,North,PayPal
490,1927,412,Beauty,2,133.47,0.22,2023-01-21 09:00:00,North,Cash on Delivery
491,1982,216,Clothing,2,221.31,0.01,2023-01-21 10:00:00,North,Credit Card
492,1160,253,Sports,2,298.81,0.2,2023-01-21 11:00:00,South,Cash on Delivery
493,1255,390,Books,2,41.18,0.16,2023-01-21 12:00:00,West,Debit Card
494,1322,162,Books,2,313.06,0.03,2023-01-21 13:00:00,North,Credit Card
495,1127,343,Beauty,1,490.68,0.05,2023-01-21 14:00:00,West,Cash on Delivery
496,1017,124,Books,2,99.1,0.17,2023-01-21 15:00:00,East,Cash on Delivery
497,1792,189,Home,1,397.33,0.09,2023-01-21 16:00:00,East,Cash on Delivery
498,1734,174,Books,1,454.41,0.28,2023-01-21 17:00:00,North,Cash on Delivery
499,1565,393,Clothing,2,472.13,0.25,2023-01-21 18:00:00,West,Credit Card
500,1569,485,Clothing,2,480.27,0.3,2023-01-21 19:00:00,North,Debit Card
501,1322,490,Sports,4,263.12,0.08,2023-01-21 20:00:00,East,Cash on Delivery
502,1871,309,Electronics,1,488.77,0.29,2023-01-21 21:00:00,North,Credit Card
503,1685,446,Home,2,379.87,0.13,2023-01-21 22:00:00,West,Debit Card
504,1791,116,Sports,2,85.03,0.1,2023-01-21 23:00:00,East,Cash on Delivery
505,1625,227,Home,2,241.07,0.02,2023-01-22 00:00:00,South,Debit Card
506,1287,463,Electronics,4,360.57,0.02,2023-01-22 01:00:00,East,Debit Card
507,1942,350,Books,4,127.43,0.21,2023-01-22 02:00:00,South,Credit Card
508,1853,278,Books,3,322.1,0.14,2023-01-22 03:00:00,North,Debit Card
509,1662,281,Electronics,1,334.97,0.07,2023-01-22 04:00:00,North,Credit Card
510,1961,251,Sports,3,85.54,0.18,2023-01-22 05:00:00,West,Cash on Delivery
511,1638,124,Electronics,2,284.72,0.08,2023-01-22 06:00:00,South,Debit Card
512,1154,279,Beauty,4,386.96,0.17,2023-01-22 07:00:00,North,Debit Card
513,1489,297,Clothing,4,251.95,0.11,2023-01-22 08:00:00,South,PayPal
514,1385,443,Sports,3,10.99,0.25,2023-01-22 09:00:00,North,Cash on Delivery
515,1985,260,Home,4,9.47,0.25,2023-01-22 10:00:00,East,Cash on Delivery
516,1784,276,Beauty,2,181.73,0.14,2023-01-22 11:00:00,North,PayPal
517,1103,384,Sports,4,463.47,0.11,2023-01-22 12:00:00,West,PayPal
518,1928,162,Electronics,3,118.2,0.11,2023-01-22 13:00:00,East,Credit Card
519,1392,249,Electronics,2,319.01,0.24,2023-01-22 14:00:00,West,Credit Card
520,1810,253,Electronics,3,114.93,0.1,2023-01-22 15:00:00,East,Debit Card
521,1245,255,Electronics,4,164.23,0.06,2023-01-22 16:00:00,South,Debit Card
522,1175,469,Home,3,424.78,0.03,2023-01-22 17:00:00,West,Debit Card
523,1038,148,Beauty,3,365.79,0.14,2023-01-22 18:00:00,North,Debit Card
524,1476,436,Books,1,52.22,0.14,2023-01-22 19:00:00,South,Credit Card
525,1681,183,Clothing,4,217.21,0.25,2023-01-22 20:00:00,North,Cash on Delivery
526,1758,460,Home,4,19.44,0.07,2023-01-22 21:00:00,East,Debit Card
527,1537,276,Home,3,243.04,0.11,2023-01-22 22:00:00,East,Cash on Delivery
528,1866,247,Books,1,332.9,0.24,2023-01-22 23:00:00,North,Debit Card
529,1817,217,Books,4,63.66,0.25,2023-01-23 00:00:00,North,PayPal
530,1920,441,Clothing,2,148.0,0.12,2023-01-23 01:00:00,South,Debit Card
531,1407,162,Clothing,3,201.93,0.14,2023-01-23 02:00:00,North,Debit Card
532,1524,288,Books,4,460.17,0.09,2023-01-23 03:00:00,West,Debit Card
533,1827,459,Electronics,2,496.66,0.28,2023-01-23 04:00:00,West,Credit Card
534,1505,148,Home,4,27.23,0.04,2023-01-23 05:00:00,North,PayPal
535,1902,426,Sports,2,381.7,0.28,2023-01-23 06:00:00,West,Debit Card
536,1824,356,Clothing,3,189.0,0.21,2023-01-23 07:00:00,North,Debit Card
537,1035,323,Clothing,4,199.27,0.16,2023-01-23 08:00:00,South,Cash on Delivery
538,1684,240,Books,4,378.36,0.01,2023-01-23 09:00:00,West,PayPal
539,1019,314,Beauty,1,459.62,0.14,2023-01-23 10:00:00,West,Debit Card
540,1320,478,Sports,3,475.71,0.12,2023-01-23 11:00:00,North,Cash on Delivery
541,1775,310,Sports,2,290.68,0.05,2023-01-23 12:00:00,West,Cash on Delivery
542,1511,417,Clothing,4,181.77,0.2,2023-01-23 13:00:00,East,Credit Card
543,1399,131,Electronics,4,394.84,0.29,2023-01-23 14:00:00,South,Cash on Delivery
544,1653,257,Beauty,2,129.25,0.17,2023-01-23 15:00:00,South,Debit Card
545,1971,384,Sports,3,284.22,0.21,2023-01-23 16:00:00,West,Credit Card
546,1882,404,Clothing,1,182.5,0.02,2023-01-23 17:00:00,West,Credit Card
547,1470,385,Sports,1,330.03,0.13,2023-01-23 18:00:00,East,Debit Card
548,1142,243,Beauty,4,124.0,0.03,2023-01-23 19:00:00,East,PayPal
549,1091,118,Beauty,2,99.84,0.18,2023-01-23 20:00:00,West,Cash on Delivery
550,1353,117,Home,4,459.53,0.28,2023-01-23 21:00:00,West,Credit Card
551,1833,356,Books,2,55.39,0.2,2023-01-23 22:00:00,East,PayPal
552,1799,177,Books,1,255.45,0.02,2023-01-23 23:00:00,North,Debit Card
553,1726,470,Clothing,3,114.32,0.11,2023-01-24 00:00:00,East,Cash on Delivery
554,1958,274,Beauty,2,24.27,0.17,2023-01-24 01:00:00,North,Cash on Delivery
555,1853,293,Home,1,22.83,0.12,2023-01-24 02:00:00,South,Credit Card
556,1050,212,Home,4,91.73,0.25,2023-01-24 03:00:00,South,Cash on Delivery
557,1664,213,Sports,2,434.05,0.24,2023-01-24 04:00:00,East,Cash on Delivery
558,1697,321,Sports,3,144.83,0.18,2023-01-24 05:00:00,North,Cash on Delivery
559,1574,265,Home,4,475.48,0.11,2023-01-24 06:00:00,East,Cash on Delivery
560,1189,418,Sports,4,292.9,0.08,2023-01-24 07:00:00,East,Debit Card
561,1124,231,Beauty,1,221.12,0.03,2023-01-24 08:00:00,North,PayPal
562,1149,484,Electronics,2,292.14,0.11,2023-01-24 09:00:00,East,Debit Card
563,1313,363,Beauty,4,260.77,0.12,2023-01-24 10:00:00,South,Debit Card
564,1569,154,Home,3,380.59,0.2,2023-01-24 11:00:00,West,Credit Card
565,1341,458,Home,2,144.84,0.2,2023-01-24 12:00:00,West,Cash on Delivery
566,1304,230,Beauty,3,179.76,0.02,2023-01-24 13:00:00,East,Debit Card
567,1691,387,Sports,4,447.58,0.12,2023-01-24 14:00:00,North,Cash on Delivery
568,1681,365,Sports,3,473.5,0.05,2023-01-24 15:00:00,North,Debit Card
569,1837,465,Books,1,446.82,0.05,2023-01-24 16:00:00,South,Debit Card
570,1782,261,Home,3,212.63,0.25,2023-01-24 17:00:00,North,Credit Card
571,1053,479,Clothing,2,391.28,0.01,2023-01-24 18:00:00,North,PayPal
572,1443,186,Books,3,240.79,0.13,2023-01-24 19:00:00,South,PayPal
573,1612,154,Sports,3,251.28,0.05,2023-01-24 20:00:00,East,Debit Card
574,1992,387,Beauty,1,106.32,0.26,2023-01-24 21:00:00,West,Credit Card
575,1263,277,Sports,3,297.61,0.17,2023-01-24 22:00:00,South,Cash on Delivery
576,1052,490,Beauty,3,97.14,0.07,2023-01-24 23:00:00,East,Cash on Delivery
577,1571,448,Books,4,169.12,0.15,2023-01-25 00:00:00,South,Debit Card
578,1619,107,Home,4,428.24,0.22,2023-01-25 01:00:00,East,PayPal
579,1004,420,Sports,2,107.5,0.29,2023-01-25 02:00:00,South,Credit Card
580,1102,412,Beauty,4,40.22,0.07,2023-01-25 03:00:00,East,PayPal
581,1195,346,Home,4,39.16,0.27,2023-01-25 04:00:00,South,Cash on Delivery
582,1773,422,Clothing,4,470.69,0.28,2023-01-25 05:00:00,East,PayPal
583,1876,354,Beauty,4,255.93,0.27,2023-01-25 06:00:00,South,Cash on Delivery
584,1991,427,Books,1,207.66,0.19,2023-01-25 07:00:00,West,Credit Card
585,1883,153,Clothing,4,406.38,0.19,2023-01-25 08:00:00,West,Credit Card
586,1349,348,Clothing,1,418.73,0.12,2023-01-25 09:00:00,North,Debit Card
587,1046,338,Electronics,1,169.43,0.23,2023-01-25 10:00:00,East,Debit Card
588,1866,328,Sports,4,348.34,0.16,2023-01-25 11:00:00,South,PayPal
589,1822,166,Beauty,3,386.71,0.2,2023-01-25 12:00:00,East,Credit Card
590,1935,150,Clothing,1,329.05,0.13,2023-01-25 13:00:00,West,Credit Card
591,1819,196,Electronics,3,80.04,0.22,2023-01-25 14:00:00,East,Debit Card
592,1655,191,Books,3,438.56,0.25,2023-01-25 15:00:00,South,Cash on Delivery
593,1268,363,Home,4,271.85,0.04,2023-01-25 16:00:00,East,PayPal
594,1369,390,Beauty,2,144.82,0.25,2023-01-25 17:00:00,South,PayPal
595,1635,195,Clothing,4,215.49,0.16,2023-01-25 18:00:00,West,Debit Card
596,1105,187,Sports,2,23.6,0.25,2023-01-25 19:00:00,West,Credit Card
597,1669,177,Electronics,2,68.29,0.13,2023-01-25 20:00:00,West,Debit Card
598,1658,387,Clothing,4,383.95,0.11,2023-01-25 21:00:00,North,Debit Card
599,1656,219,Sports,4,5.01,0.27,2023-01-25 22:00:00,West,Debit Card
600,1119,401,Clothing,2,211.2,0.08,2023-01-25 23:00:00,East,Debit Card
601,1830,499,Beauty,4,263.64,0.25,2023-01-26 00:00:00,North,Cash on Delivery
602,1786,264,Beauty,2,32.04,0.15,2023-01-26 01:00:00,West,Cash on Delivery
603,1603,281,Beauty,3,486.67,0.15,2023-01-26 02:00:00,East,Credit Card
604,1057,497,Books,4,116.93,0.09,2023-01-26 03:00:00,East,Debit Card
605,1950,322,Books,3,155.58,0.17,2023-01-26 04:00:00,East,Cash on Delivery
606,1345,410,Electronics,1,155.45,0.1,2023-01-26 05:00:00,South,Credit Card
607,1740,106,Beauty,3,119.06,0.01,2023-01-26 06:00:00,North,Debit Card
608,1473,429,Sports,3,5.73,0.08,2023-01-26 07:00:00,East,PayPal
609,1116,362,Clothing,2,366.03,0.0,2023-01-26 08:00:00,South,Cash on Delivery
610,1829,260,Home,3,483.59,0.29,2023-01-26 09:00:00,West,Credit Card
611,1790,250,Sports,4,116.03,0.29,2023-01-26 10:00:00,East,PayPal
612,1126,184,Books,2,333.21,0.12,2023-01-26 11:00:00,South,Debit Card
613,1392,246,Books,1,372.24,0.22,2023-01-26 12:00:00,East,Debit Card
614,1907,211,Sports,4,424.97,0.1,2023-01-26 13:00:00,North,Debit Card
615,1640,480,Books,1,214.2,0.2,2023-01-26 14:00:00,North,Cash on Delivery
616,1057,135,Beauty,3,154.95,0.24,2023-01-26 15:00:00,West,Credit Card
617,1633,384,Electronics,4,166.02,0.28,2023-01-26 16:00:00,East,PayPal
618,1512,287,Clothing,4,357.75,0.12,2023-01-26 17:00:00,South,Credit Card
619,1750,181,Electronics,1,409.31,0.23,2023-01-26 18:00:00,West,Cash on Delivery
620,1801,101,Clothing,4,94.9,0.08,2023-01-26 19:00:00,East,Credit Card
621,1095,484,Clothing,4,188.62,0.3,2023-01-26 20:00:00,West,Cash on Delivery
622,1637,402,Electronics,4,451.46,0.01,2023-01-26 21:00:00,South,Debit Card
623,1117,296,Sports,3,404.31,0.18,2023-01-26 22:00:00,West,PayPal
624,1559,110,Clothing,1,492.5,0.2,2023-01-26 23:00:00,West,Debit Card
625,1600,333,Electronics,4,378.35,0.21,2023-01-27 00:00:00,West,Credit Card
626,1487,485,Clothing,2,199.63,0.04,2023-01-27 01:00:00,East,Debit Card
627,1236,294,Home,2,297.37,0.28,2023-01-27 02:00:00,South,PayPal
628,1884,218,Sports,2,332.2,0.05,2023-01-27 03:00:00,North,Debit Card
629,1896,495,Beauty,2,43.84,0.19,2023-01-27 04:00:00,East,PayPal
630,1271,119,Clothing,3,274.53,0.07,2023-01-27 05:00:00,North,PayPal
631,1188,360,Home,4,356.11,0.09,2023-01-27 06:00:00,North,Debit Card
632,1998,392,Beauty,1,87.82,0.16,2023-01-27 07:00:00,East,Cash on Delivery
633,1703,355,Beauty,4,391.41,0.13,2023-01-27 08:00:00,East,Credit Card
634,1446,321,Clothing,3,293.97,0.05,2023-01-27 09:00:00,South,Cash on Delivery
635,1580,492,Electronics,2,476.35,0.05,2023-01-27 10:00:00,South,Cash on Delivery
636,1789,325,Clothing,3,26.0,0.13,2023-01-27 11:00:00,West,Debit Card
637,1860,152,Home,4,136.34,0.23,2023-01-27 12:00:00,North,Credit Card
638,1246,454,Beauty,1,302.77,0.27,2023-01-27 13:00:00,South,Credit Card
639,1962,441,Clothing,3,151.8,0.03,2023-01-27 14:00:00,West,Cash on Delivery
640,1075,463,Electronics,1,358.64,0.12,2023-01-27 15:00:00,South,Debit Card
641,1153,379,Clothing,3,380.71,0.03,2023-01-27 16:00:00,East,Credit Card
642,1655,180,Sports,1,55.75,0.0,2023-01-27 17:00:00,South,Cash on Delivery
643,1434,301,Electronics,1,259.36,0.2,2023-01-27 18:00:00,North,Credit Card
644,1996,257,Home,2,256.9,0.18,2023-01-27 19:00:00,South,Debit Card
645,1085,219,Beauty,1,187.79,0.05,2023-01-27 20:00:00,North,Debit Card
646,1696,158,Clothing,2,466.8,0.07,2023-01-27 21:00:00,East,Debit Card
647,1284,314,Electronics,4,414.62,0.01,2023-01-27 22:00:00,North,Credit Card
648,1973,227,Sports,4,350.12,0.25,2023-01-27 23:00:00,South,PayPal
649,1219,323,Electronics,2,358.59,0.29,2023-01-28 00:00:00,West,Credit Card
650,1068,308,Books,2,233.55,0.04,2023-01-28 01:00:00,East,PayPal
651,1046,469,Sports,3,460.89,0.07,2023-01-28 02:00:00,South,Debit Card
652,1093,214,Home,3,348.82,0.26,2023-01-28 03:00:00,East,Cash on Delivery
653,1749,308,Beauty,3,365.85,0.28,2023-01-28 04:00:00,East,PayPal
654,1957,113,Home,4,431.54,0.13,2023-01-28 05:00:00,South,Debit Card
655,1452,108,Clothing,3,140.67,0.02,2023-01-28 06:00:00,South,Debit Card
656,1203,139,Electronics,1,404.5,0.01,2023-01-28 07:00:00,West,PayPal
657,1911,336,Books,1,101.64,0.17,2023-01-28 08:00:00,East,Cash on Delivery
658,1217,380,Sports,3,175.94,0.12,2023-01-28 09:00:00,East,Debit Card
659,1473,458,Sports,1,171.13,0.01,2023-01-28 10:00:00,South,PayPal
660,1431,300,Electronics,4,489.37,0.17,2023-01-28 11:00:00,North,Cash on Delivery
661,1340,345,Books,1,428.99,0.0,2023-01-28 12:00:00,South,Cash on Delivery
662,1550,377,Electronics,4,352.08,0.24,2023-01-28 13:00:00,East,Debit Card
663,1611,334,Clothing,2,364.89,0.09,2023-01-28 14:00:00,South,Credit Card
664,1288,103,Home,2,283.23,0.01,2023-01-28 15:00:00,West,Credit Card
665,1253,253,Sports,2,473.81,0.18,2023-01-28 16:00:00,North,Debit Card
666,1733,128,Clothing,2,250.65,0.12,2023-01-28 17:00:00,South,Cash on Delivery
667,1356,208,Home,1,193.36,0.29,2023-01-28 18:00:00,West,Debit Card
668,1022,197,Clothing,3,85.7,0.16,2023-01-28 19:00:00,East,PayPal
669,1761,314,Books,1,394.17,0.08,2023-01-28 20:00:00,South,Credit Card
670,1521,392,Sports,4,368.55,0.21,2023-01-28 21:00:00,East,PayPal
671,1757,174,Electronics,1,195.26,0.08,2023-01-28 22:00:00,West,Debit Card
672,1836,425,Electronics,1,17.47,0.27,2023-01-28 23:00:00,East,Debit Card
673,1099,245,Home,4,420.3,0.11,2023-01-29 00:00:00,West,Cash on Delivery
674,1801,227,Beauty,2,10.65,0.16,2023-01-29 01:00:00,West,Cash on Delivery
675,1179,440,Books,2,353.33,0.02,2023-01-29 02:00:00,West,Cash on Delivery
676,1222,141,Home,2,485.28,0.13,2023-01-29 03:00:00,South,PayPal
677,1905,455,Beauty,3,221.64,0.25,2023-01-29 04:00:00,East,Cash on Delivery
678,1761,140,Clothing,4,121.31,0.24,2023-01-29 05:00:00,East,Debit Card
679,1658,133,Books,4,353.91,0.07,2023-01-29 06:00:00,North,Cash on Delivery
680,1441,116,Clothing,1,409.48,0.07,2023-01-29 07:00:00,North,Credit Card
681,1607,264,Sports,3,275.48,0.25,2023-01-29 08:00:00,North,Cash on Delivery
682,1768,252,Books,2,483.68,0.28,2023-01-29 09:00:00,North,PayPal
683,1324,477,Beauty,3,30.58,0.03,2023-01-29 10:00:00,East,Credit Card
684,1515,175,Sports,4,254.87,0.14,2023-01-29 11:00:00,West,Credit Card
685,1015,186,Electronics,4,360.63,0.1,2023-01-29 12:00:00,West,Credit Card
686,1791,216,Beauty,1,432.01,0.26,2023-01-29 13:00:00,South,PayPal
687,1335,461,Home,1,93.73,0.03,2023-01-29 14:00:00,West,Debit Card
688,1758,441,Electronics,4,401.0,0.06,2023-01-29 15:00:00,East,Cash on Delivery
689,1257,126,Electronics,2,278.59,0.23,2023-01-29 16:00:00,East,Credit Card
690,1496,412,Home,2,201.29,0.02,2023-01-29 17:00:00,East,Credit Card
691,1987,386,Books,3,70.2,0.15,2023-01-29 18:00:00,South,Credit Card
692,1895,233,Electronics,4,433.32,0.13,2023-01-29 19:00:00,North,Debit Card
693,1159,318,Beauty,4,82.85,0.1,2023-01-29 20:00:00,West,Debit Card
694,1474,267,Sports,2,158.34,0.12,2023-01-29 21:00:00,East,PayPal
695,1851,197,Electronics,2,148.57,0.16,2023-01-29 22:00:00,East,Debit Card
696,1663,367,Beauty,4,436.35,0.05,2023-01-29 23:00:00,North,Cash on Delivery
697,1907,336,Clothing,1,337.99,0.17,2023-01-30 00:00:00,East,PayPal
698,1689,408,Beauty,4,399.36,0.24,2023-01-30 01:00:00,West,PayPal
699,1674,493,Sports,4,128.98,0.23,2023-01-30 02:00:00,South,Cash on Delivery
700,1379,272,Beauty,2,314.31,0.05,2023-01-30 03:00:00,East,Cash on Delivery
701,1544,289,Home,2,288.01,0.04,2023-01-30 04:00:00,West,Cash on Delivery
702,1928,221,Sports,1,417.25,0.08,2023-01-30 05:00:00,East,PayPal
703,1956,145,Books,1,453.51,0.11,2023-01-30 06:00:00,North,PayPal
704,1690,163,Clothing,3,11.02,0.12,2023-01-30 07:00:00,East,PayPal
705,1426,229,Home,4,338.64,0.2,2023-01-30 08:00:00,East,Cash on Delivery
706,1612,409,Books,2,30.66,0.02,2023-01-30 09:00:00,South,Cash on Delivery
707,1267,462,Beauty,1,276.69,0.01,2023-01-30 10:00:00,North,Credit Card
708,1834,292,Sports,3,147.38,0.12,2023-01-30 11:00:00,North,Debit Card
709,1576,406,Clothing,3,156.85,0.21,2023-01-30 12:00:00,South,Credit Card
710,1416,280,Home,2,179.71,0.06,2023-01-30 13:00:00,East,Cash on Delivery
711,1167,391,Books,2,312.54,0.19,2023-01-30 14:00:00,West,PayPal
712,1841,470,Books,3,170.35,0.08,2023-01-30 15:00:00,North,Cash on Delivery
713,1042,381,Clothing,1,367.69,0.27,2023-01-30 16:00:00,North,Debit Card
714,1555,128,Beauty,3,205.24,0.27,2023-01-30 17:00:00,East,Credit Card
715,1284,248,Clothing,4,38.83,0.09,2023-01-30 18:00:00,East,Credit Card
716,1396,366,Books,4,392.96,0.07,2023-01-30 19:00:00,North,PayPal
717,1011,395,Electronics,2,146.45,0.12,2023-01-30 20:00:00,East,Credit Card
718,1606,110,Home,1,219.22,0.07,2023-01-30 21:00:00,West,Credit Card
719,1301,263,Clothing,1,344.29,0.2,2023-01-30 22:00:00,North,Cash on Delivery
720,1897,212,Books,4,169.57,0.25,2023-01-30 23:00:00,West,Credit Card
721,1252,286,Beauty,3,33.01,0.2,2023-01-31 00:00:00,West,Credit Card
722,1498,394,Books,2,190.09,0.25,2023-01-31 01:00:00,East,Credit Card
723,1753,331,Beauty,3,472.5,0.12,2023-01-31 02:00:00,West,PayPal
724,1034,326,Clothing,3,322.66,0.05,2023-01-31 03:00:00,East,PayPal
725,1726,409,Beauty,3,337.38,0.22,2023-01-31 04:00:00,South,Cash on Delivery
726,1848,197,Sports,1,317.98,0.11,2023-01-31 05:00:00,East,Credit Card
727,1089,154,Sports,4,103.5,0.2,2023-01-31 06:00:00,West,PayPal
728,1775,210,Sports,1,212.08,0.08,2023-01-31 07:00:00,South,PayPal
729,1604,251,Electronics,4,376.72,0.02,2023-01-31 08:00:00,East,Cash on Delivery
730,1921,345,Clothing,2,55.18,0.3,2023-01-31 09:00:00,West,Debit Card
731,1969,168,Books,2,142.54,0.05,2023-01-31 10:00:00,North,Credit Card
732,1601,411,Books,3,141.78,0.3,2023-01-31 11:00:00,North,PayPal
733,1417,388,Electronics,4,218.85,0.29,2023-01-31 12:00:00,East,Cash on Delivery
734,1114,349,Beauty,4,490.28,0.24,2023-01-31 13:00:00,East,Cash on Delivery
735,1616,135,Electronics,4,38.41,0.2,2023-01-31 14:00:00,North,Cash on Delivery
736,1902,338,Beauty,3,261.76,0.17,2023-01-31 15:00:00,West,PayPal
737,1195,247,Beauty,3,93.79,0.26,2023-01-31 16:00:00,West,Credit Card
738,1825,326,Home,2,485.48,0.09,2023-01-31 17:00:00,West,Debit Card
739,1500,343,Books,1,61.09,0.14,2023-01-31 18:00:00,East,Credit Card
740,1625,436,Sports,4,204.78,0.19,2023-01-31 19:00:00,South,Cash on Delivery
741,1492,464,Beauty,4,370.25,0.12,2023-01-31 20:00:00,South,Cash on Delivery
742,1074,300,Home,1,353.75,0.13,2023-01-31 21:00:00,South,Debit Card
743,1412,253,Books,4,214.25,0.1,2023-01-31 22:00:00,South,Credit Card
744,1375,172,Sports,3,176.53,0.17,2023-01-31 23:00:00,South,Cash on Delivery
745,1419,300,Beauty,3,201.82,0.26,2023-02-01 00:00:00,East,Cash on Delivery
746,1728,395,Beauty,4,135.82,0.06,2023-02-01 01:00:00,East,Credit Card
747,1276,116,Electronics,3,106.64,0.28,2023-02-01 02:00:00,South,Cash on Delivery
748,1760,228,Electronics,3,244.1,0.21,2023-02-01 03:00:00,East,Credit Card
749,1675,316,Books,4,137.92,0.25,2023-02-01 04:00:00,East,Cash on Delivery
750,1393,160,Sports,2,147.29,0.17,2023-02-01 05:00:00,South,Credit Card
751,1868,203,Beauty,1,330.09,0.23,2023-02-01 06:00:00,West,Debit Card
752,1456,141,Books,3,484.43,0.0,2023-02-01 07:00:00,East,Cash on Delivery
753,1919,124,Books,2,303.8,0.25,2023-02-01 08:00:00,West,Debit Card
754,1191,138,Clothing,3,43.1,0.01,2023-02-01 09:00:00,East,Cash on Delivery
755,1738,390,Electronics,3,42.41,0.27,2023-02-01 10:00:00,East,Cash on Delivery
756,1688,230,Sports,1,475.95,0.3,2023-02-01 11:00:00,South,PayPal
757,1098,328,Beauty,3,152.16,0.09,2023-02-01 12:00:00,East,Credit Card
758,1547,207,Books,1,50.57,0.06,2023-02-01 13:00:00,North,Debit Card
759,1977,271,Beauty,1,301.53,0.23,2023-02-01 14:00:00,North,Debit Card
760,1998,201,Clothing,1,313.71,0.08,2023-02-01 15:00:00,South,Debit Card
761,1095,453,Sports,2,326.01,0.26,2023-02-01 16:00:00,West,Credit Card
762,1663,111,Books,4,137.36,0.03,2023-02-01 17:00:00,West,PayPal
763,1662,374,Beauty,2,12.48,0.04,2023-02-01 18:00:00,West,Debit Card
764,1189,200,Electronics,4,482.68,0.29,2023-02-01 19:00:00,North,Credit Card
765,1735,143,Clothing,4,129.19,0.2,2023-02-01 20:00:00,West,Cash on Delivery
766,1036,404,Sports,1,339.63,0.25,2023-02-01 21:00:00,West,Debit Card
767,1779,116,Clothing,3,354.78,0.1,2023-02-01 22:00:00,South,Debit Card
768,1368,429,Electronics,1,306.95,0.2,2023-02-01 23:00:00,West,PayPal
769,1694,156,Sports,3,159.89,0.18,2023-02-02 00:00:00,North,Debit Card
770,1524,410,Clothing,4,139.19,0.18,2023-02-02 01:00:00,North,Debit Card
771,1278,402,Home,1,300.85,0.2,2023-02-02 02:00:00,North,Cash on Delivery
772,1216,111,Electronics,3,433.72,0.17,2023-02-02 03:00:00,South,Credit Card
773,1866,417,Electronics,2,473.63,0.13,2023-02-02 04:00:00,South,Credit Card
774,1872,179,Electronics,3,57.42,0.08,2023-02-02 05:00:00,East,PayPal
775,1797,315,Home,1,81.64,0.23,2023-02-02 06:00:00,West,Cash on Delivery
776,1272,438,Home,2,472.64,0.07,2023-02-02 07:00:00,South,Credit Card
777,1880,363,Beauty,3,369.58,0.21,2023-02-02 08:00:00,North,Cash on Delivery
778,1061,248,Books,3,442.08,0.07,2023-02-02 09:00:00,North,Credit Card
779,1595,180,Clothing,3,105.3,0.19,2023-02-02 10:00:00,South,Cash on Delivery
780,1879,314,Beauty,3,295.86,0.22,2023-02-02 11:00:00,South,PayPal
781,1728,473,Clothing,3,352.06,0.07,2023-02-02 12:00:00,South,Debit Card
782,1341,297,Books,2,341.66,0.02,2023-02-02 13:00:00,East,PayPal
783,1396,299,Home,4,207.04,0.04,2023-02-02 14:00:00,North,Credit Card
784,1698,124,Books,2,12.62,0.18,2023-02-02 15:00:00,East,PayPal
785,1018,188,Home,2,293.55,0.25,2023-02-02 16:00:00,East,Debit Card
786,1176,367,Books,2,130.29,0.01,2023-02-02 17:00:00,West,PayPal
787,1611,242,Beauty,4,227.88,0.22,2023-02-02 18:00:00,North,Credit Card
788,1395,158,Sports,1,479.0,0.1,2023-02-02 19:00:00,North,Credit Card
789,1444,464,Beauty,4,202.52,0.14,2023-02-02 20:00:00,South,PayPal
790,1232,125,Clothing,2,420.7,0.28,2023-02-02 21:00:00,South,Debit Card
791,1914,146,Beauty,3,98.33,0.1,2023-02-02 22:00:00,West,PayPal
792,1075,387,Electronics,3,337.87,0.14,2023-02-02 23:00:00,East,Debit Card
793,1264,365,Clothing,2,488.62,0.0,2023-02-03 00:00:00,South,Cash on Delivery
794,1454,115,Books,3,55.44,0.02,2023-02-03 01:00:00,South,Debit Card
795,1795,298,Clothing,2,9.12,0.08,2023-02-03 02:00:00,North,Cash on Delivery
796,1717,381,Sports,3,219.62,0.01,2023-02-03 03:00:00,North,PayPal
797,1734,185,Home,4,50.85,0.19,2023-02-03 04:00:00,South,Debit Card
798,1383,349,Books,1,375.45,0.13,2023-02-03 05:00:00,North,Cash on Delivery
799,1563,490,Clothing,1,457.7,0.16,2023-02-03 06:00:00,West,Cash on Delivery
800,1850,369,Books,4,219.84,0.05,2023-02-03 07:00:00,South,Cash on Delivery
801,1505,434,Books,4,133.06,0.09,2023-02-03 08:00:00,North,Credit Card
802,1366,216,Books,2,220.03,0.2,2023-02-03 09:00:00,West,PayPal
803,1143,106,Home,2,363.11,0.29,2023-02-03 10:00:00,North,Cash on Delivery
804,1884,236,Beauty,2,9.48,0.02,2023-02-03 11:00:00,North,Debit Card
805,1068,470,Books,3,296.78,0.27,2023-02-03 12:00:00,North,Cash on Delivery
806,1098,275,Electronics,2,308.58,0.17,2023-02-03 13:00:00,South,Credit Card
807,1395,427,Sports,4,320.66,0.17,2023-02-03 14:00:00,East,PayPal
808,1024,414,Home,1,124.8,0.15,2023-02-03 15:00:00,North,Credit Card
809,1947,314,Clothing,3,358.46,0.02,2023-02-03 16:00:00,West,Credit Card
810,1890,181,Home,2,50.24,0.03,2023-02-03 17:00:00,South,Credit Card
811,1468,322,Clothing,3,103.64,0.18,2023-02-03 18:00:00,South,Debit Card
812,1483,471,Home,3,439.35,0.1,2023-02-03 19:00:00,West,PayPal
813,1564,202,Clothing,2,370.67,0.28,2023-02-03 20:00:00,North,PayPal
814,1150,372,Books,3,11.8,0.12,2023-02-03 21:00:00,East,Debit Card
815,1143,113,Beauty,1,127.95,0.04,2023-02-03 22:00:00,North,PayPal
816,1568,258,Clothing,4,111.13,0.21,2023-02-03 23:00:00,West,Credit Card
817,1038,251,Clothing,4,139.05,0.09,2023-02-04 00:00:00,South,PayPal
818,1108,207,Electronics,1,127.54,0.16,2023-02-04 01:00:00,East,Debit Card
819,1692,287,Clothing,3,35.95,0.21,2023-02-04 02:00:00,South,Credit Card
820,1041,400,Electronics,2,232.18,0.27,2023-02-04 03:00:00,West,Debit Card
821,1185,197,Sports,3,367.7,0.24,2023-02-04 04:00:00,North,Cash on Delivery
822,1934,230,Books,1,305.33,0.2,2023-02-04 05:00:00,East,Credit Card
823,1397,392,Electronics,3,338.07,0.2,2023-02-04 06:00:00,South,Credit Card
824,1222,270,Beauty,4,45.17,0.28,2023-02-04 07:00:00,South,PayPal
825,1633,282,Books,3,475.99,0.09,2023-02-04 08:00:00,South,Credit Card
826,1132,463,Electronics,1,420.05,0.0,2023-02-04 09:00:00,North,Debit Card
827,1162,138,Books,4,403.52,0.08,2023-02-04 10:00:00,East,PayPal
828,1214,114,Books,3,412.38,0.07,2023-02-04 11:00:00,North,Cash on Delivery
829,1732,475,Books,3,466.69,0.2,2023-02-04 12:00:00,North,Debit Card
830,1234,103,Sports,4,274.41,0.19,2023-02-04 13:00:00,North,Cash on Delivery
831,1842,448,Beauty,2,104.14,0.18,2023-02-04 14:00:00,West,Cash on Delivery
832,1657,496,Home,4,310.31,0.0,2023-02-04 15:00:00,West,Cash on Delivery
833,1750,309,Home,2,372.73,0.22,2023-02-04 16:00:00,West,Credit Card
834,1587,260,Electronics,1,370.27,0.1,2023-02-04 17:00:00,East,Debit Card
835,1008,115,Books,1,263.12,0.2,2023-02-04 18:00:00,North,Debit Card
836,1073,207,Electronics,4,38.89,0.17,2023-02-04 19:00:00,North,Credit Card
837,1953,481,Sports,4,188.7,0.1,2023-02-04 20:00:00,West,PayPal
838,1491,410,Sports,1,460.78,0.04,2023-02-04 21:00:00,North,Cash on Delivery
839,1912,326,Clothing,2,294.3,0.03,2023-02-04 22:00:00,North,Debit Card
840,1252,269,Sports,1,271.47,0.25,2023-02-04 23:00:00,South,Credit Card
841,1229,133,Clothing,4,138.08,0.28,2023-02-05 00:00:00,North,Cash on Delivery
842,1518,350,Beauty,1,187.38,0.19,2023-02-05 01:00:00,South,PayPal
843,1173,346,Electronics,4,448.2,0.03,2023-02-05 02:00:00,North,PayPal
844,1652,368,Beauty,4,334.9,0.12,2023-02-05 03:00:00,East,Cash on Delivery
845,1167,240,Sports,1,394.76,0.22,2023-02-05 04:00:00,West,PayPal
846,1169,373,Beauty,2,229.9,0.23,2023-02-05 05:00:00,South,Debit Card
847,1392,195,Beauty,3,316.97,0.04,2023-02-05 06:00:00,West,Debit Card
848,1945,326,Beauty,1,127.95,0.0,2023-02-05 07:00:00,South,Debit Card
849,1794,478,Sports,3,354.2,0.21,2023-02-05 08:00:00,South,PayPal
850,1633,138,Books,1,216.66,0.11,2023-02-05 09:00:00,South,Debit Card
851,1193,401,Beauty,3,224.06,0.08,2023-02-05 10:00:00,East,Credit Card
852,1516,128,Clothing,2,326.41,0.0,2023-02-05 11:00:00,North,Debit Card
853,1028,417,Sports,2,468.46,0.16,2023-02-05 12:00:00,South,Debit Card
854,1164,344,Beauty,1,36.68,0.26,2023-02-05 13:00:00,East,PayPal
855,1421,335,Books,4,413.25,0.29,2023-02-05 14:00:00,South,Debit Card
856,1338,284,Sports,3,149.73,0.17,2023-02-05 15:00:00,North,Cash on Delivery
857,1647,371,Home,4,224.74,0.15,2023-02-05 16:00:00,South,Credit Card
858,1495,335,Books,4,15.85,0.03,2023-02-05 17:00:00,East,PayPal
859,1364,338,Clothing,4,154.02,0.16,2023-02-05 18:00:00,North,Credit Card
860,1832,476,Beauty,2,253.8,0.11,2023-02-05 19:00:00,East,Cash on Delivery
861,1341,365,Home,1,32.81,0.18,2023-02-05 20:00:00,North,PayPal
862,1499,458,Home,1,248.09,0.12,2023-02-05 21:00:00,North,PayPal
863,1656,439,Sports,2,463.92,0.07,2023-02-05 22:00:00,West,Debit Card
864,1510,488,Home,2,57.17,0.03,2023-02-05 23:00:00,West,Credit Card
865,1326,164,Clothing,1,383.4,0.09,2023-02-06 00:00:00,West,Cash on Delivery
866,1216,276,Clothing,4,207.79,0.03,2023-02-06 01:00:00,North,Cash on Delivery
867,1300,102,Electronics,3,329.31,0.05,2023-02-06 02:00:00,South,PayPal
868,1131,241,Clothing,3,133.82,0.3,2023-02-06 03:00:00,East,Debit Card
869,1803,475,Books,3,83.95,0.13,2023-02-06 04:00:00,East,PayPal
870,1069,257,Home,4,84.43,0.16,2023-02-06 05:00:00,East,PayPal
871,1251,423,Clothing,1,39.89,0.26,2023-02-06 06:00:00,West,PayPal
872,1414,245,Sports,2,96.9,0.3,2023-02-06 07:00:00,North,PayPal
873,1786,392,Electronics,1,333.79,0.17,2023-02-06 08:00:00,West,Cash on Delivery
874,1444,252,Home,4,441.44,0.24,2023-02-06 09:00:00,South,Cash on Delivery
875,1875,292,Electronics,2,407.99,0.1,2023-02-06 10:00:00,North,PayPal
876,1181,172,Home,4,344.14,0.09,2023-02-06 11:00:00,East,PayPal
877,1166,498,Sports,3,59.66,0.12,2023-02-06 12:00:00,West,Debit Card
878,1090,404,Electronics,3,148.15,0.2,2023-02-06 13:00:00,West,PayPal
879,1713,476,Beauty,4,158.35,0.2,2023-02-06 14:00:00,South,Cash on Delivery
880,1857,443,Books,2,128.73,0.09,2023-02-06 15:00:00,South,Credit Card
881,1530,239,Books,2,259.93,0.04,2023-02-06 16:00:00,West,Cash on Delivery
882,1038,286,Home,1,270.1,0.19,2023-02-06 17:00:00,South,Debit Card
883,1125,392,Beauty,3,181.66,0.04,2023-02-06 18:00:00,East,Cash on Delivery
884,1450,160,Electronics,1,180.13,0.17,2023-02-06 19:00:00,South,Credit Card
885,1172,479,Beauty,1,415.14,0.21,2023-02-06 20:00:00,South,PayPal
886,1652,297,Beauty,4,395.7,0.21,2023-02-06 21:00:00,West,Credit Card
887,1753,394,Electronics,4,157.36,0.23,2023-02-06 22:00:00,West,PayPal
888,1219,418,Sports,1,457.33,0.26,2023-02-06 23:00:00,North,PayPal
889,1637,401,Beauty,3,476.64,0.15,2023-02-07 00:00:00,North,Cash on Delivery
890,1057,443,Beauty,4,166.74,0.22,2023-02-07 01:00:00,West,Cash on Delivery
891,1659,110,Sports,1,180.44,0.19,2023-02-07 02:00:00,South,Cash on Delivery
892,1475,161,Beauty,1,255.29,0.06,2023-02-07 03:00:00,South,Debit Card
893,1455,432,Beauty,1,470.85,0.01,2023-02-07 04:00:00,North,Cash on Delivery
894,1828,325,Beauty,1,438.78,0.09,2023-02-07 05:00:00,North,Debit Card
895,1894,252,Books,1,55.77,0.13,2023-02-07 06:00:00,North,Cash on Delivery
896,1360,298,Clothing,1,199.4,0.19,2023-02-07 07:00:00,East,PayPal
897,1934,151,Sports,4,278.92,0.25,2023-02-07 08:00:00,East,Debit Card
898,1000,359,Beauty,3,254.05,0.06,2023-02-07 09:00:00,North,Credit Card
899,1386,158,Books,1,100.96,0.04,2023-02-07 10:00:00,South,Debit Card
900,1972,171,Sports,2,430.11,0.29,2023-02-07 11:00:00,North,Debit Card
901,1347,247,Home,4,340.09,0.03,2023-02-07 12:00:00,East,Credit Card
902,1189,448,Home,4,419.76,0.14,2023-02-07 13:00:00,South,Debit Card
903,1504,162,Beauty,1,430.09,0.18,2023-02-07 14:00:00,East,PayPal
904,1190,409,Books,4,375.44,0.16,2023-02-07 15:00:00,South,Cash on Delivery
905,1507,472,Books,1,222.41,0.03,2023-02-07 16:00:00,East,Credit Card
906,1368,342,Sports,3,307.22,0.02,2023-02-07 17:00:00,South,Cash on Delivery
907,1408,465,Sports,3,84.38,0.03,2023-02-07 18:00:00,South,PayPal
908,1823,429,Books,4,338.45,0.18,2023-02-07 19:00:00,South,Credit Card
909,1928,206,Sports,4,93.73,0.16,2023-02-07 20:00:00,South,Cash on Delivery
910,1933,325,Books,2,348.51,0.07,2023-02-07 21:00:00,West,Cash on Delivery
911,1116,412,Clothing,4,118.65,0.19,2023-02-07 22:00:00,East,PayPal
912,1133,317,Books,2,63.19,0.25,2023-02-07 23:00:00,East,Cash on Delivery
913,1057,340,Home,3,86.82,0.01,2023-02-08 00:00:00,West,PayPal
914,1555,358,Sports,3,5.99,0.15,2023-02-08 01:00:00,South,Debit Card
915,1684,475,Books,1,360.78,0.21,2023-02-08 02:00:00,South,PayPal
916,1671,361,Books,3,367.54,0.08,2023-02-08 03:00:00,East,Debit Card
917,1172,104,Sports,2,259.89,0.09,2023-02-08 04:00:00,West,Credit Card
918,1828,360,Clothing,4,84.87,0.18,2023-02-08 05:00:00,South,Cash on Delivery
919,1814,153,Clothing,1,46.36,0.27,2023-02-08 06:00:00,South,PayPal
920,1148,146,Sports,2,14.47,0.24,2023-02-08 07:00:00,South,PayPal
921,1079,314,Electronics,4,87.05,0.17,2023-02-08 08:00:00,North,Cash on Delivery
922,1885,276,Sports,1,445.97,0.22,2023-02-08 09:00:00,West,Cash on Delivery
923,1212,108,Sports,3,124.56,0.11,2023-02-08 10:00:00,South,Credit Card
924,1202,198,Clothing,2,180.36,0.19,2023-02-08 11:00:00,North,Credit Card
925,1763,119,Clothing,4,57.15,0.14,2023-02-08 12:00:00,West,PayPal
926,1228,477,Sports,1,115.07,0.06,2023-02-08 13:00:00,South,Credit Card
927,1675,340,Sports,1,262.02,0.21,2023-02-08 14:00:00,East,Debit Card
928,1226,160,Sports,3,305.84,0.17,2023-02-08 15:00:00,North,Credit Card
929,1658,478,Clothing,4,126.45,0.11,2023-02-08 16:00:00,North,Credit Card
930,1531,277,Sports,3,33.58,0.27,2023-02-08 17:00:00,South,PayPal
931,1440,437,Sports,3,198.56,0.01,2023-02-08 18:00:00,South,Debit Card
932,1401,161,Beauty,4,120.93,0.09,2023-02-08 19:00:00,North,Credit Card
933,1046,244,Electronics,4,113.68,0.02,2023-02-08 20:00:00,East,Debit Card
934,1232,315,Home,4,480.13,0.23,2023-02-08 21:00:00,East,Debit Card
935,1304,102,Electronics,2,310.07,0.21,2023-02-08 22:00:00,West,Debit Card
936,1525,259,Beauty,4,280.65,0.1,2023-02-08 23:00:00,South,Cash on Delivery
937,1142,326,Home,1,210.81,0.2,2023-02-09 00:00:00,East,Cash on Delivery
938,1414,368,Sports,3,217.33,0.12,2023-02-09 01:00:00,West,Cash on Delivery
939,1512,219,Beauty,2,272.75,0.23,2023-02-09 02:00:00,East,Cash on Delivery
940,1372,480,Sports,4,349.73,0.14,2023-02-09 03:00:00,South,PayPal
941,1565,188,Clothing,2,352.56,0.12,2023-02-09 04:00:00,West,Credit Card
942,1885,428,Books,4,89.99,0.28,2023-02-09 05:00:00,West,Cash on Delivery
943,1258,167,Beauty,2,252.56,0.08,2023-02-09 06:00:00,West,PayPal
944,1655,497,Clothing,3,208.92,0.04,2023-02-09 07:00:00,East,Credit Card
945,1470,456,Beauty,3,435.91,0.18,2023-02-09 08:00:00,South,Cash on Delivery
946,1952,197,Beauty,1,317.55,0.29,2023-02-09 09:00:00,West,Credit Card
947,1970,366,Clothing,1,268.59,0.11,2023-02-09 10:00:00,North,Cash on Delivery
948,1011,204,Home,4,62.12,0.02,2023-02-09 11:00:00,South,PayPal
949,1329,422,Electronics,3,304.79,0.1,2023-02-09 12:00:00,North,Debit Card
950,1735,222,Sports,2,63.02,0.15,2023-02-09 13:00:00,North,Debit Card
951,1783,128,Beauty,2,171.92,0.05,2023-02-09 14:00:00,West,Credit Card
952,1967,236,Sports,2,75.71,0.2,2023-02-09 15:00:00,West,PayPal
953,1357,294,Books,1,347.58,0.3,2023-02-09 16:00:00,East,Debit Card
954,1971,325,Clothing,2,107.09,0.14,2023-02-09 17:00:00,East,Cash on Delivery
955,1407,431,Sports,1,198.97,0.11,2023-02-09 18:00:00,East,Debit Card
956,1667,269,Clothing,1,448.36,0.12,2023-02-09 19:00:00,South,Credit Card
957,1372,108,Sports,4,106.14,0.03,2023-02-09 20:00:00,East,Credit Card
958,1007,139,Electronics,2,256.36,0.26,2023-02-09 21:00:00,North,PayPal
959,1121,124,Electronics,2,212.54,0.12,2023-02-09 22:00:00,East,Credit Card
960,1347,360,Electronics,3,13.97,0.12,2023-02-09 23:00:00,West,Debit Card
961,1675,494,Electronics,4,397.42,0.2,2023-02-10 00:00:00,East,Debit Card
962,1089,325,Electronics,3,39.18,0.13,2023-02-10 01:00:00,South,Debit Card
963,1647,223,Electronics,4,239.76,0.19,2023-02-10 02:00:00,South,Debit Card
964,1697,137,Clothing,2,282.54,0.02,2023-02-10 03:00:00,North,PayPal
965,1315,427,Beauty,1,316.07,0.24,2023-02-10 04:00:00,South,Cash on Delivery
966,1177,350,Sports,1,345.87,0.28,2023-02-10 05:00:00,East,Cash on Delivery
967,1539,488,Electronics,1,130.37,0.19,2023-02-10 06:00:00,West,PayPal
968,1731,275,Clothing,1,9.94,0.29,2023-02-10 07:00:00,South,Credit Card
969,1868,189,Clothing,1,363.1,0.05,2023-02-10 08:00:00,North,Cash on Delivery
970,1040,136,Clothing,3,270.15,0.14,2023-02-10 09:00:00,East,Credit Card
971,1739,415,Beauty,4,418.88,0.18,2023-02-10 10:00:00,North,Cash on Delivery
972,1703,275,Sports,2,411.59,0.17,2023-02-10 11:00:00,South,Credit Card
973,1922,383,Beauty,3,422.45,0.12,2023-02-10 12:00:00,South,PayPal
974,1501,180,Home,4,245.12,0.1,2023-02-10 13:00:00,North,Debit Card
975,1958,213,Clothing,1,170.15,0.04,2023-02-10 14:00:00,East,Credit Card
976,1144,139,Home,4,396.82,0.12,2023-02-10 15:00:00,South,Debit Card
977,1200,400,Books,4,228.39,0.05,2023-02-10 16:00:00,West,Credit Card
978,1928,323,Electronics,1,95.8,0.22,2023-02-10 17:00:00,South,Credit Card
979,1723,417,Electronics,1,428.21,0.06,2023-02-10 18:00:00,East,Credit Card
980,1460,448,Beauty,1,441.87,0.02,2023-02-10 19:00:00,South,Credit Card
981,1731,214,Sports,2,235.82,0.17,2023-02-10 20:00:00,North,Credit Card
982,1751,285,Home,1,42.47,0.18,2023-02-10 21:00:00,South,Debit Card
983,1924,422,Sports,2,196.97,0.26,2023-02-10 22:00:00,South,Credit Card
984,1908,155,Beauty,1,402.75,0.17,2023-02-10 23:00:00,East,Debit Card
985,1557,139,Electronics,2,451.38,0.1,2023-02-11 00:00:00,North,PayPal
986,1546,453,Sports,4,105.72,0.24,2023-02-11 01:00:00,East,Cash on Delivery
987,1252,139,Sports,3,38.15,0.16,2023-02-11 02:00:00,South,Credit Card
988,1389,446,Electronics,4,439.29,0.02,2023-02-11 03:00:00,West,Cash on Delivery
989,1593,336,Home,4,197.76,0.17,2023-02-11 04:00:00,South,Debit Card
990,1882,388,Electronics,1,273.17,0.27,2023-02-11 05:00:00,East,PayPal
991,1255,361,Sports,2,484.19,0.12,2023-02-11 06:00:00,West,PayPal
992,1708,315,Home,3,37.95,0.09,2023-02-11 07:00:00,East,PayPal
993,1814,246,Home,1,325.92,0.04,2023-02-11 08:00:00,East,Cash on Delivery
994,1920,435,Electronics,1,41.68,0.05,2023-02-11 09:00:00,North,Debit Card
995,1449,267,Sports,1,190.86,0.13,2023-02-11 10:00:00,West,Credit Card
996,1009,191,Beauty,4,402.89,0.18,2023-02-11 11:00:00,South,Credit Card
997,1823,452,Sports,2,219.57,0.02,2023-02-11 12:00:00,East,Debit Card
998,1797,158,Clothing,2,498.61,0.28,2023-02-11 13:00:00,South,Cash on Delivery
999,1241,158,Books,3,281.73,0.23,2023-02-11 14:00:00,North,Credit Card
1000,1250,403,Beauty,2,163.98,0.18,2023-02-11 15:00:00,North,Debit Card
